uniprot,resid,CAN,dom,sse,sseno
1,M,L.N.1,L,N,1
2,Q,L.N.2,L,N,2
3,R,L.N.3,L,N,3
4,S,L.N.4,L,N,4
5,P,L.N.5,L,N,5
6,L,L.N.6,L,N,6
7,E,L.N.7,L,N,7
8,K,L.N.8,L,N,8
9,A,L.N.9,L,N,9
10,S,L.N.10,L,N,10
11,V,L.H1.1,L,H1,1
12,V,L.H1.2,L,H1,2
13,S,L.H1.3,L,H1,3
14,K,L.H1.4,L,H1,4
15,L,L.H1.5,L,H1,5
16,F,L.H1.6,L,H1,6
17,F,L.H1.7,L,H1,7
18,S,L.H1.8,L,H1,8
19,W,L.H1.9,L,H1,9
20,T,L.H1.10,L,H1,10
21,R,L.H1.11,L,H1,11
22,P,L.H1.12,L,H1,12
23,I,L.H1.13,L,H1,13
24,L,L.H1.14,L,H1,14
25,R,L.H1.15,L,H1,15
26,K,L.H1.16,L,H1,16
27,G,L.H1.17,L,H1,17
28,Y,L.H1.18,L,H1,18
29,R,L.H1.19,L,H1,19
30,Q,L.h1h2.1,L,h1h2,1
31,R,L.h1h2.2,L,h1h2,2
32,L,L.h1h2.3,L,h1h2,3
33,E,L.h1h2.4,L,h1h2,4
34,L,L.h1h2.5,L,h1h2,5
35,S,L.h1h2.6,L,h1h2,6
36,D,L.h1h2.7,L,h1h2,7
37,I,L.h1h2.8,L,h1h2,8
38,Y,L.h1h2.9,L,h1h2,9
39,Q,L.h1h2.10,L,h1h2,10
40,I,L.h1h2.11,L,h1h2,11
41,P,L.h1h2.12,L,h1h2,12
42,S,L.h1h2.13,L,h1h2,13
43,V,L.h1h2.14,L,h1h2,14
44,D,L.h1h2.15,L,h1h2,15
45,S,L.h1h2.16,L,h1h2,16
46,A,L.H2.1,L,H2,1
47,D,L.H2.2,L,H2,2
48,N,L.H2.3,L,H2,3
49,L,L.H2.4,L,H2,4
50,S,L.H2.5,L,H2,5
51,E,L.H2.6,L,H2,6
52,K,L.H2.7,L,H2,7
53,L,L.H2.8,L,H2,8
54,E,L.H2.9,L,H2,9
55,R,L.H2.10,L,H2,10
56,E,L.H2.11,L,H2,11
57,W,L.H2.12,L,H2,12
58,D,L.H2.13,L,H2,13
59,R,L.H2.14,L,H2,14
60,E,L.H2.15,L,H2,15
61,L,L.H2.16,L,H2,16
62,A,L.H2.17,L,H2,17
63,S,L.H2.18,L,H2,18
64,K,L.h2eh.2,L,h2eh,2
65,K,L.h2eh.3,L,h2eh,3
66,N,L.h2eh.4,L,h2eh,4
67,P,L.h2eh.5,L,h2eh,5
68,K,L.h2eh.6,L,h2eh,6
69,L,T1.EH.1,T1,EH,1
70,I,T1.EH.2,T1,EH,2
71,N,T1.EH.3,T1,EH,3
72,A,T1.EH.4,T1,EH,4
73,L,T1.EH.5,T1,EH,5
74,R,T1.EH.6,T1,EH,6
75,R,T1.EH.7,T1,EH,7
76,C,T1.EH.8,T1,EH,8
77,F,T1.eh1.1,T1,eh1,1
78,F,T1.1.1,T1,1,1
79,W,T1.1.2,T1,1,2
80,R,T1.1.3,T1,1,3
81,F,T1.1.4,T1,1,4
82,M,T1.1.5,T1,1,5
83,F,T1.1.6,T1,1,6
84,Y,T1.1.7,T1,1,7
85,G,T1.1.8,T1,1,8
86,I,T1.1.9,T1,1,9
87,F,T1.1.10,T1,1,10
88,L,T1.1.11,T1,1,11
89,Y,T1.1.12,T1,1,12
90,L,T1.1.13,T1,1,13
91,G,T1.1.14,T1,1,14
92,E,T1.1.15,T1,1,15
93,V,T1.1.16,T1,1,16
94,T,T1.1.17,T1,1,17
95,K,T1.1.18,T1,1,18
96,A,T1.1.19,T1,1,19
97,V,T1.1.20,T1,1,20
98,Q,T1.1.21,T1,1,21
99,P,T1.1.22,T1,1,22
100,L,T1.1.23,T1,1,23
101,L,T1.1.24,T1,1,24
102,L,T1.1.25,T1,1,25
103,G,T1.1.26,T1,1,26
104,R,T1.1.27,T1,1,27
105,I,T1.1.28,T1,1,28
106,I,T1.1.29,T1,1,29
107,A,T1.1.30,T1,1,30
108,S,T1.1.31,T1,1,31
109,Y,T1.12.1,T1,12,1
110,D,T1.12.2,T1,12,2
111,P,T1.12.3,T1,12,3
112,D,T1.12.4,T1,12,4
113,N,T1.12.5,T1,12,5
114,K,T1.12.6,T1,12,6
115,E,T1.12.7,T1,12,7
116,E,T1.12.8,T1,12,8
117,R,T1.2.1,T1,2,1
118,S,T1.2.2,T1,2,2
119,I,T1.2.3,T1,2,3
120,A,T1.2.4,T1,2,4
121,I,T1.2.5,T1,2,5
122,Y,T1.2.6,T1,2,6
123,L,T1.2.7,T1,2,7
124,G,T1.2.8,T1,2,8
125,I,T1.2.9,T1,2,9
126,G,T1.2.10,T1,2,10
127,L,T1.2.11,T1,2,11
128,C,T1.2.12,T1,2,12
129,L,T1.2.13,T1,2,13
130,L,T1.2.14,T1,2,14
131,F,T1.2.15,T1,2,15
132,I,T1.2.16,T1,2,16
133,V,T1.2.17,T1,2,17
134,R,T1.2.18,T1,2,18
135,T,T1.2.19,T1,2,19
136,L,T1.2.20,T1,2,20
137,L,T1.2.21,T1,2,21
138,L,T1.2.22,T1,2,22
139,H,T1.2.23,T1,2,23
140,P,T1.2.24,T1,2,24
141,A,T1.2.25,T1,2,25
142,I,T1.2.26,T1,2,26
143,F,T1.2.27,T1,2,27
144,G,T1.2.28,T1,2,28
145,L,T1.2.29,T1,2,29
146,H,T1.2.30,T1,2,30
147,H,T1.2.31,T1,2,31
148,I,T1.2.32,T1,2,32
149,G,T1.2.33,T1,2,33
150,M,T1.2.34,T1,2,34
151,Q,T1.2.35,T1,2,35
152,M,T1.2.36,T1,2,36
153,R,T1.2.37,T1,2,37
154,I,T1.2.38,T1,2,38
155,A,T1.2.39,T1,2,39
156,M,T1.2.40,T1,2,40
157,F,T1.2.41,T1,2,41
158,S,T1.2.42,T1,2,42
159,L,T1.2.43,T1,2,43
160,I,T1.2.44,T1,2,44
161,Y,T1.2.45,T1,2,45
162,K,T1.2.46,T1,2,46
163,K,T1.2.47,T1,2,47
164,T,T1.2.48,T1,2,48
165,L,T1.2.49,T1,2,49
166,K,T1.23.1,T1,23,1
167,L,T1.23.2,T1,23,2
168,S,T1.23.3,T1,23,3
169,S,T1.23.4,T1,23,4
170,R,T1.23.5,T1,23,5
171,V,T1.23.6,T1,23,6
172,L,T1.23.7,T1,23,7
173,D,T1.23.8,T1,23,8
174,K,T1.23.9,T1,23,9
175,I,T1.23.10,T1,23,10
176,S,T1.23.11,T1,23,11
177,I,T1.3.1,T1,3,1
178,G,T1.3.2,T1,3,2
179,Q,T1.3.3,T1,3,3
180,L,T1.3.4,T1,3,4
181,V,T1.3.5,T1,3,5
182,S,T1.3.6,T1,3,6
183,L,T1.3.7,T1,3,7
184,L,T1.3.8,T1,3,8
185,S,T1.3.9,T1,3,9
186,N,T1.3.10,T1,3,10
187,N,T1.3.11,T1,3,11
188,L,T1.3.12,T1,3,12
189,N,T1.3.13,T1,3,13
190,K,T1.3.14,T1,3,14
191,F,T1.3.15,T1,3,15
192,D,T1.3.16,T1,3,16
193,E,T1.3.17,T1,3,17
194,G,T1.3.18,T1,3,18
195,L,T1.3.19,T1,3,19
196,A,T1.3.20,T1,3,20
197,L,T1.3.21,T1,3,21
198,A,T1.3.22,T1,3,22
199,H,T1.3.23,T1,3,23
200,F,T1.3.24,T1,3,24
201,V,T1.3.25,T1,3,25
202,W,T1.3.26,T1,3,26
203,I,T1.3.27,T1,3,27
204,A,T1.3.28,T1,3,28
205,P,T1.3.29,T1,3,29
206,L,T1.3.30,T1,3,30
207,Q,T1.3.31,T1,3,31
208,V,T1.3.32,T1,3,32
209,A,T1.3.33,T1,3,33
210,L,T1.3.34,T1,3,34
211,L,T1.3.35,T1,3,35
212,M,T1.3.36,T1,3,36
213,G,T1.3.37,T1,3,37
214,L,T1.3.38,T1,3,38
215,I,T1.34.1,T1,34,1
216,W,T1.34.2,T1,34,2
217,E,T1.34.3,T1,34,3
218,L,T1.34.4,T1,34,4
219,L,T1.34.5,T1,34,5
220,Q,T1.34.6,T1,34,6
221,A,T1.34.7,T1,34,7
222,S,T1.4.1,T1,4,1
223,A,T1.4.2,T1,4,2
224,F,T1.4.3,T1,4,3
225,C,T1.4.4,T1,4,4
226,G,T1.4.5,T1,4,5
227,L,T1.4.6,T1,4,6
228,G,T1.4.7,T1,4,7
229,F,T1.4.8,T1,4,8
230,L,T1.4.9,T1,4,9
231,I,T1.4.10,T1,4,10
232,V,T1.4.11,T1,4,11
233,L,T1.4.12,T1,4,12
234,A,T1.4.13,T1,4,13
235,L,T1.4.14,T1,4,14
236,F,T1.4.15,T1,4,15
237,Q,T1.4.16,T1,4,16
238,A,T1.4.17,T1,4,17
239,G,T1.4.18,T1,4,18
240,L,T1.4.19,T1,4,19
241,G,T1.4.20,T1,4,20
242,R,T1.4.21,T1,4,21
243,M,T1.4.22,T1,4,22
244,M,T1.4.23,T1,4,23
245,M,T1.4.24,T1,4,24
246,K,T1.4.25,T1,4,25
247,Y,T1.4.26,T1,4,26
248,R,T1.4.27,T1,4,27
249,D,T1.4.28,T1,4,28
250,Q,T1.4.29,T1,4,29
251,R,T1.4.30,T1,4,30
252,A,T1.4.31,T1,4,31
253,G,T1.4.32,T1,4,32
254,K,T1.4.33,T1,4,33
255,I,T1.4.34,T1,4,34
256,S,T1.4.35,T1,4,35
257,E,T1.4.36,T1,4,36
258,R,T1.4.37,T1,4,37
259,L,T1.4.38,T1,4,38
260,V,T1.4.39,T1,4,39
261,I,T1.4.40,T1,4,40
262,T,T1.4.41,T1,4,41
263,S,T1.4.42,T1,4,42
264,E,T1.4.43,T1,4,43
265,M,T1.4.44,T1,4,44
266,I,T1.4.45,T1,4,45
267,E,T1.4.46,T1,4,46
268,N,T1.45.1,T1,45,1
269,I,T1.45.2,T1,45,2
270,Q,T1.45.3,T1,45,3
271,S,T1.45.4,T1,45,4
272,V,T1.45.5,T1,45,5
273,K,T1.45.6,T1,45,6
274,A,T1.45.7,T1,45,7
275,Y,T1.45.8,T1,45,8
276,C,T1.45.9,T1,45,9
277,W,T1.45.10,T1,45,10
278,E,T1.45.11,T1,45,11
279,E,T1.45.12,T1,45,12
280,A,T1.45.13,T1,45,13
281,M,T1.45.14,T1,45,14
282,E,T1.5.1,T1,5,1
283,K,T1.5.2,T1,5,2
284,M,T1.5.3,T1,5,3
285,I,T1.5.4,T1,5,4
286,E,T1.5.5,T1,5,5
287,N,T1.5.6,T1,5,6
288,L,T1.5.7,T1,5,7
289,R,T1.5.8,T1,5,8
290,Q,T1.5.9,T1,5,9
291,T,T1.5.10,T1,5,10
292,E,T1.5.11,T1,5,11
293,L,T1.5.12,T1,5,12
294,K,T1.5.13,T1,5,13
295,L,T1.5.14,T1,5,14
296,T,T1.5.15,T1,5,15
297,R,T1.5.16,T1,5,16
298,K,T1.5.17,T1,5,17
299,A,T1.5.18,T1,5,18
300,A,T1.5.19,T1,5,19
301,Y,T1.5.20,T1,5,20
302,V,T1.5.21,T1,5,21
303,R,T1.5.22,T1,5,22
304,Y,T1.5.23,T1,5,23
305,F,T1.5.24,T1,5,24
306,N,T1.5.25,T1,5,25
307,S,T1.5.26,T1,5,26
308,S,T1.5.27,T1,5,27
309,A,T1.5.28,T1,5,28
310,F,T1.5.29,T1,5,29
311,F,T1.5.30,T1,5,30
312,F,T1.5.31,T1,5,31
313,S,T1.5.32,T1,5,32
314,G,T1.5.33,T1,5,33
315,F,T1.5.34,T1,5,34
316,F,T1.5.35,T1,5,35
317,V,T1.5.36,T1,5,36
318,V,T1.5.37,T1,5,37
319,F,T1.5.38,T1,5,38
320,L,T1.5.39,T1,5,39
321,S,T1.5.40,T1,5,40
322,V,T1.5.41,T1,5,41
323,L,T1.5.42,T1,5,42
324,P,T1.5.43,T1,5,43
325,Y,T1.5.44,T1,5,44
326,A,T1.5.45,T1,5,45
327,L,T1.5.46,T1,5,46
328,I,T1.56.1,T1,56,1
329,K,T1.56.2,T1,56,2
330,G,T1.56.3,T1,56,3
331,I,T1.56.4,T1,56,4
332,I,T1.56.5,T1,56,5
333,L,T1.56.6,T1,56,6
334,R,T1.56.7,T1,56,7
335,K,T1.6.1,T1,6,1
336,I,T1.6.2,T1,6,2
337,F,T1.6.3,T1,6,3
338,T,T1.6.4,T1,6,4
339,T,T1.6.5,T1,6,5
340,I,T1.6.6,T1,6,6
341,S,T1.6.7,T1,6,7
342,F,T1.6.8,T1,6,8
343,C,T1.6.9,T1,6,9
344,I,T1.6.10,T1,6,10
345,V,T1.6.11,T1,6,11
346,L,T1.6.12,T1,6,12
347,R,T1.6.13,T1,6,13
348,M,T1.6.14,T1,6,14
349,A,T1.6.15,T1,6,15
350,V,T1.6.16,T1,6,16
351,T,T1.6.17,T1,6,17
352,R,T1.6.18,T1,6,18
353,Q,T1.6.19,T1,6,19
354,F,T1.6.20,T1,6,20
355,P,T1.6.21,T1,6,21
356,W,T1.6.22,T1,6,22
357,A,T1.6.23,T1,6,23
358,V,T1.6.24,T1,6,24
359,Q,T1.6.25,T1,6,25
360,T,T1.6.26,T1,6,26
361,W,T1.6.27,T1,6,27
362,Y,T1.6.28,T1,6,28
363,D,T1.6.29,T1,6,29
364,S,T1.6.30,T1,6,30
365,L,T1.6.31,T1,6,31
366,G,T1.6.32,T1,6,32
367,A,T1.6.33,T1,6,33
368,I,T1.6.34,T1,6,34
369,N,T1.6.35,T1,6,35
370,K,T1.6.36,T1,6,36
371,I,T1.6.37,T1,6,37
372,Q,T1.6.38,T1,6,38
373,D,T1.6.39,T1,6,39
374,F,T1.6.40,T1,6,40
375,L,T1.6.41,T1,6,41
376,Q,N1.N.1,N1,N,1
377,K,N1.N.2,N1,N,2
378,Q,N1.N.3,N1,N,3
379,E,N1.N.4,N1,N,4
380,Y,N1.N.5,N1,N,5
381,K,N1.N.6,N1,N,6
382,T,N1.N.7,N1,N,7
383,L,N1.N.8,N1,N,8
384,E,N1.N.9,N1,N,9
385,Y,N1.N.10,N1,N,10
386,N,N1.N.11,N1,N,11
387,L,N1.N.12,N1,N,12
388,T,N1.N.13,N1,N,13
389,T,N1.N.14,N1,N,14
390,T,N1.N.15,N1,N,15
391,E,N1.N.16,N1,N,16
392,V,N1.B1.1,N1,B1,1
393,V,N1.B1.2,N1,B1,2
394,M,N1.B1.3,N1,B1,3
395,E,N1.B1.4,N1,B1,4
396,N,N1.B1.5,N1,B1,5
397,V,N1.B1.6,N1,B1,6
398,T,N1.B1.7,N1,B1,7
399,A,N1.B1.8,N1,B1,8
400,F,N1.B1.9,N1,B1,9
401,W,N1.b1b2.1,N1,b1b2,1
402,E,N1.b1b2.2,N1,b1b2,2
403,E,N1.b1b2.3,N1,b1b2,3
404,G,N1.b1b2.4,N1,b1b2,4
405,F,N1.b1b2.5,N1,b1b2,5
406,G,N1.b1b2.6,N1,b1b2,6
407,E,N1.b1b2.7,N1,b1b2,7
408,L,N1.b1b2.8,N1,b1b2,8
409,F,N1.b1b2.9,N1,b1b2,9
410,E,N1.b1b2.10,N1,b1b2,10
411,K,N1.b1b2.11,N1,b1b2,11
412,A,N1.b1b2.12,N1,b1b2,12
413,K,N1.b1b2.13,N1,b1b2,13
414,Q,N1.b1b2.14,N1,b1b2,14
415,N,N1.b1b2.15,N1,b1b2,15
416,N,N1.b1b2.16,N1,b1b2,16
417,N,N1.b1b2.17,N1,b1b2,17
418,N,N1.b1b2.18,N1,b1b2,18
419,R,N1.b1b2.19,N1,b1b2,19
420,K,N1.b1b2.20,N1,b1b2,20
421,T,N1.b1b2.21,N1,b1b2,21
422,S,N1.b1b2.22,N1,b1b2,22
423,N,N1.b1b2.23,N1,b1b2,23
424,G,N1.b1b2.24,N1,b1b2,24
425,D,N1.b1b2.25,N1,b1b2,25
426,D,N1.b1b2.26,N1,b1b2,26
427,S,N1.b1b2.27,N1,b1b2,27
428,L,N1.b1b2.28,N1,b1b2,28
429,F,N1.b1b2.29,N1,b1b2,29
430,F,N1.b1b2.30,N1,b1b2,30
431,S,N1.b1b2.31,N1,b1b2,31
432,N,N1.b1b2.32,N1,b1b2,32
433,F,N1.b1b2.33,N1,b1b2,33
434,S,N1.b1b2.34,N1,b1b2,34
435,L,N1.b1b2.35,N1,b1b2,35
436,L,N1.b1b2.36,N1,b1b2,36
437,G,N1.b1b2.37,N1,b1b2,37
438,T,N1.b1b2.38,N1,b1b2,38
439,P,N1.b1b2.39,N1,b1b2,39
440,V,N1.B2.1,N1,B2,1
441,L,N1.B2.2,N1,B2,2
442,K,N1.B2.3,N1,B2,3
443,D,N1.B2.4,N1,B2,4
444,I,N1.B2.5,N1,B2,5
445,N,N1.B2.6,N1,B2,6
446,F,N1.B2.7,N1,B2,7
447,K,N1.B2.8,N1,B2,8
448,I,N1.B2.9,N1,B2,9
449,E,N1.b2b3.1,N1,b2b3,1
450,R,N1.b2b3.2,N1,b2b3,2
451,G,N1.b2b3.3,N1,b2b3,3
452,Q,N1.b2b3.4,N1,b2b3,4
453,L,N1.B3.1,N1,B3,1
454,L,N1.B3.2,N1,B3,2
455,A,N1.B3.3,N1,B3,3
456,V,N1.B3.4,N1,B3,4
457,A,N1.B3.5,N1,B3,5
458,G,N1.b3h1.1,N1,b3h1,1
459,S,N1.b3h1.2,N1,b3h1,2
460,T,N1.b3h1.3,N1,b3h1,3
461,G,N1.b3h1.4,N1,b3h1,4
462,A,N1.b3h1.5,N1,b3h1,5
463,G,N1.b3h1.6,N1,b3h1,6
464,K,N1.H1.1,N1,H1,1
465,T,N1.H1.2,N1,H1,2
466,S,N1.H1.3,N1,H1,3
467,L,N1.H1.4,N1,H1,4
468,L,N1.H1.5,N1,H1,5
469,M,N1.H1.6,N1,H1,6
470,V,N1.H1.7,N1,H1,7
471,I,N1.H1.8,N1,H1,8
472,M,N1.H1.9,N1,H1,9
473,G,N1.h1b4.1,N1,h1b4,1
474,E,N1.h1b4.2,N1,h1b4,2
475,L,N1.h1b4.3,N1,h1b4,3
476,E,N1.h1b4.4,N1,h1b4,4
477,P,N1.h1b4.5,N1,h1b4,5
478,S,N1.h1b4.6,N1,h1b4,6
479,E,N1.h1b4.7,N1,h1b4,7
480,G,N1.h1b4.8,N1,h1b4,8
481,K,N1.B4.1,N1,B4,1
482,I,N1.B4.2,N1,B4,2
483,K,N1.B4.3,N1,B4,3
484,H,N1.b4b5.1,N1,b4b5,1
485,S,N1.b4b5.2,N1,b4b5,2
486,G,N1.b4b5.3,N1,b4b5,3
487,R,N1.b4b5.4,N1,b4b5,4
488,I,N1.B5.1,N1,B5,1
489,S,N1.B5.2,N1,B5,2
490,F,N1.B5.3,N1,B5,3
491,C,N1.B5.4,N1,B5,4
492,S,N1.b5h2.1,N1,b5h2,1
493,Q,N1.b5h2.2,N1,b5h2,2
494,F,N1.b5h2.3,N1,b5h2,3
495,S,N1.b5h2.4,N1,b5h2,4
496,W,N1.b5h2.5,N1,b5h2,5
497,I,N1.b5h2.6,N1,b5h2,6
498,M,N1.b5h2.7,N1,b5h2,7
499,P,N1.b5h2.8,N1,b5h2,8
500,G,N1.b5h2.9,N1,b5h2,9
501,T,N1.b5h2.10,N1,b5h2,10
502,I,N1.H2.1,N1,H2,1
503,K,N1.H2.2,N1,H2,2
504,E,N1.H2.3,N1,H2,3
505,N,N1.H2.4,N1,H2,4
506,I,N1.H2.5,N1,H2,5
507,I,N1.H2.6,N1,H2,6
508,F,N1.H2.7,N1,H2,7
509,G,N1.h2h3.1,N1,h2h3,1
510,V,N1.h2h3.2,N1,h2h3,2
511,S,N1.h2h3.3,N1,h2h3,3
512,Y,N1.h2h3.4,N1,h2h3,4
513,D,N1.h2h3.5,N1,h2h3,5
514,E,N1.H3.1,N1,H3,1
515,Y,N1.H3.2,N1,H3,2
516,R,N1.H3.3,N1,H3,3
517,Y,N1.H3.4,N1,H3,4
518,R,N1.H3.5,N1,H3,5
519,S,N1.H3.6,N1,H3,6
520,V,N1.H3.7,N1,H3,7
521,I,N1.H3.8,N1,H3,8
522,K,N1.H3.9,N1,H3,9
523,A,N1.H3.10,N1,H3,10
524,C,N1.H3.11,N1,H3,11
525,Q,N1.h3h4.1,N1,h3h4,1
526,L,N1.H4.1,N1,H4,1
527,E,N1.H4.2,N1,H4,2
528,E,N1.H4.3,N1,H4,3
529,D,N1.H4.4,N1,H4,4
530,I,N1.H4.5,N1,H4,5
531,S,N1.H4.6,N1,H4,6
532,K,N1.H4.7,N1,H4,7
533,F,N1.h4h5.1,N1,h4h5,1
534,A,N1.h4h5.2,N1,h4h5,2
535,E,N1.h4h5.3,N1,h4h5,3
536,K,N1.h4h5.4,N1,h4h5,4
537,D,N1.h4h5.5,N1,h4h5,5
538,N,N1.h4h5.6,N1,h4h5,6
539,I,N1.h4h5.7,N1,h4h5,7
540,V,N1.h4h5.8,N1,h4h5,8
541,L,N1.h4h5.9,N1,h4h5,9
542,G,N1.h4h5.10,N1,h4h5,10
543,E,N1.h4h5.11,N1,h4h5,11
544,G,N1.h4h5.12,N1,h4h5,12
545,G,N1.h4h5.13,N1,h4h5,13
546,I,N1.h4h5.14,N1,h4h5,14
547,T,N1.h4h5.15,N1,h4h5,15
548,L,N1.h4h5.16,N1,h4h5,16
549,S,N1.h4h5.17,N1,h4h5,17
550,G,N1.H5.1,N1,H5,1
551,G,N1.H5.2,N1,H5,2
552,Q,N1.H5.3,N1,H5,3
553,R,N1.H5.4,N1,H5,4
554,A,N1.H5.5,N1,H5,5
555,R,N1.H5.6,N1,H5,6
556,I,N1.H5.7,N1,H5,7
557,S,N1.H5.8,N1,H5,8
558,L,N1.H5.9,N1,H5,9
559,A,N1.H5.10,N1,H5,10
560,R,N1.H5.11,N1,H5,11
561,A,N1.H5.12,N1,H5,12
562,V,N1.H5.13,N1,H5,13
563,Y,N1.H5.14,N1,H5,14
564,K,N1.h5b6.1,N1,h5b6,1
565,D,N1.h5b6.2,N1,h5b6,2
566,A,N1.h5b6.3,N1,h5b6,3
567,D,N1.h5b6.4,N1,h5b6,4
568,L,N1.B6.1,N1,B6,1
569,Y,N1.B6.2,N1,B6,2
570,L,N1.B6.3,N1,B6,3
571,L,N1.B6.4,N1,B6,4
572,D,N1.B6.5,N1,B6,5
573,S,N1.b6h6.1,N1,b6h6,1
574,P,N1.b6h6.2,N1,b6h6,2
575,F,N1.b6h6.3,N1,b6h6,3
576,G,N1.b6h6.4,N1,b6h6,4
577,Y,N1.b6h6.5,N1,b6h6,5
578,L,N1.b6h6.6,N1,b6h6,6
579,D,N1.b6h6.7,N1,b6h6,7
580,V,N1.H6.1,N1,H6,1
581,L,N1.H6.2,N1,H6,2
582,T,N1.H6.3,N1,H6,3
583,E,N1.H6.4,N1,H6,4
584,K,N1.H6.5,N1,H6,5
585,E,N1.H6.6,N1,H6,6
586,I,N1.H6.7,N1,H6,7
587,F,N1.H6.8,N1,H6,8
588,E,N1.H6.9,N1,H6,9
589,S,N1.H6.10,N1,H6,10
590,C,N1.H6.11,N1,H6,11
591,V,N1.H6.12,N1,H6,12
592,C,N1.H6.13,N1,H6,13
593,K,N1.H6.14,N1,H6,14
594,L,N1.H6.15,N1,H6,15
595,M,N1.h6b7.1,N1,h6b7,1
596,A,N1.h6b7.2,N1,h6b7,2
597,N,N1.h6b7.3,N1,h6b7,3
598,K,N1.h6b7.4,N1,h6b7,4
599,T,N1.h6b7.5,N1,h6b7,5
600,R,N1.B7.1,N1,B7,1
601,I,N1.B7.2,N1,B7,2
602,L,N1.B7.3,N1,B7,3
603,V,N1.B7.4,N1,B7,4
604,T,N1.b7h7.1,N1,b7h7,1
605,S,N1.b7h7.2,N1,b7h7,2
606,K,N1.b7h7.3,N1,b7h7,3
607,M,N1.H7.1,N1,H7,1
608,E,N1.H7.2,N1,H7,2
609,H,N1.H7.3,N1,H7,3
610,L,N1.H7.4,N1,H7,4
611,K,N1.H7.5,N1,H7,5
612,K,N1.H7.6,N1,H7,6
613,A,N1.h7b8.1,N1,h7b8,1
614,D,N1.h7b8.2,N1,h7b8,2
615,K,N1.B8.1,N1,B8,1
616,I,N1.B8.2,N1,B8,2
617,L,N1.B8.3,N1,B8,3
618,I,N1.B8.4,N1,B8,4
619,L,N1.B8.5,N1,B8,5
620,H,N1.b8h8.1,N1,b8h8,1
621,E,N1.b8h8.2,N1,b8h8,2
622,G,N1.b8h8.3,N1,b8h8,3
623,S,N1.b8h8.4,N1,b8h8,4
624,S,N1.b8h8.5,N1,b8h8,5
625,Y,N1.b8h8.6,N1,b8h8,6
626,F,N1.b8h8.7,N1,b8h8,7
627,Y,N1.b8h8.8,N1,b8h8,8
628,G,N1.b8h8.9,N1,b8h8,9
629,T,N1.b8h8.10,N1,b8h8,10
630,F,N1.H8.1,N1,H8,1
631,S,N1.H8.2,N1,H8,2
632,E,N1.H8.3,N1,H8,3
633,L,N1.H8.4,N1,H8,4
634,Q,N1.H8.5,N1,H8,5
635,N,N1.H8.6,N1,H8,6
636,L,N1.H8.7,N1,H8,7
637,Q,N1.h8h9.1,N1,h8h9,1
638,P,N1.H9.1,N1,H9,1
639,D,N1.H9.2,N1,H9,2
640,F,N1.H9.3,N1,H9,3
641,S,N1.H9.4,N1,H9,4
642,S,N1.H9.5,N1,H9,5
643,K,N1.H9.6,N1,H9,6
644,L,N1.H9.7,N1,H9,7
645,M,N1.C.1,N1,C,1
646,G,R.R.1,R,R,1
647,C,R.R.2,R,R,2
648,D,R.R.3,R,R,3
649,S,R.R.4,R,R,4
650,F,R.R.5,R,R,5
651,D,R.R.6,R,R,6
652,Q,R.R.7,R,R,7
653,F,R.R.8,R,R,8
654,S,R.R.9,R,R,9
655,A,R.R.10,R,R,10
656,E,R.R.11,R,R,11
657,R,R.R.12,R,R,12
658,R,R.R.13,R,R,13
659,N,R.R.14,R,R,14
660,S,R.R.15,R,R,15
661,I,R.R.16,R,R,16
662,L,R.R.17,R,R,17
663,T,R.R.18,R,R,18
664,E,R.R.19,R,R,19
665,T,R.R.20,R,R,20
666,L,R.R.21,R,R,21
667,H,R.R.22,R,R,22
668,R,R.R.23,R,R,23
669,F,R.R.24,R,R,24
670,S,R.R.25,R,R,25
671,L,R.R.26,R,R,26
672,E,R.R.27,R,R,27
673,G,R.R.28,R,R,28
674,D,R.R.29,R,R,29
675,A,R.R.30,R,R,30
676,P,R.R.31,R,R,31
677,V,R.R.32,R,R,32
678,S,R.R.33,R,R,33
679,W,R.R.34,R,R,34
680,T,R.R.35,R,R,35
681,E,R.R.36,R,R,36
682,T,R.R.37,R,R,37
683,K,R.R.38,R,R,38
684,K,R.R.39,R,R,39
685,Q,R.R.40,R,R,40
686,S,R.R.41,R,R,41
687,F,R.R.42,R,R,42
688,K,R.R.43,R,R,43
689,Q,R.R.44,R,R,44
690,T,R.R.45,R,R,45
691,G,R.R.46,R,R,46
692,E,R.R.47,R,R,47
693,F,R.R.48,R,R,48
694,G,R.R.49,R,R,49
695,E,R.R.50,R,R,50
696,K,R.R.51,R,R,51
697,R,R.R.52,R,R,52
698,K,R.R.53,R,R,53
699,N,R.R.54,R,R,54
700,S,R.R.55,R,R,55
701,I,R.R.56,R,R,56
702,L,R.R.57,R,R,57
703,N,R.R.58,R,R,58
704,P,R.R.59,R,R,59
705,I,R.R.60,R,R,60
706,N,R.R.61,R,R,61
707,S,R.R.62,R,R,62
708,I,R.R.63,R,R,63
709,R,R.R.64,R,R,64
710,K,R.R.65,R,R,65
711,F,R.R.66,R,R,66
712,S,R.R.67,R,R,67
713,I,R.R.68,R,R,68
714,V,R.R.69,R,R,69
715,Q,R.R.70,R,R,70
716,K,R.R.71,R,R,71
717,T,R.R.72,R,R,72
718,P,R.R.73,R,R,73
719,L,R.R.74,R,R,74
720,Q,R.R.75,R,R,75
721,M,R.R.76,R,R,76
722,N,R.R.77,R,R,77
723,G,R.R.78,R,R,78
724,I,R.R.79,R,R,79
725,E,R.R.80,R,R,80
726,E,R.R.81,R,R,81
727,D,R.R.82,R,R,82
728,S,R.R.83,R,R,83
729,D,R.R.84,R,R,84
730,E,R.R.85,R,R,85
731,P,R.R.86,R,R,86
732,L,R.R.87,R,R,87
733,E,R.R.88,R,R,88
734,R,R.R.89,R,R,89
735,R,R.R.90,R,R,90
736,L,R.R.91,R,R,91
737,S,R.R.92,R,R,92
738,L,R.R.93,R,R,93
739,V,R.R.94,R,R,94
740,P,R.R.95,R,R,95
741,D,R.R.96,R,R,96
742,S,R.R.97,R,R,97
743,E,R.R.98,R,R,98
744,Q,R.R.99,R,R,99
745,G,R.R.100,R,R,100
746,E,R.R.101,R,R,101
747,A,R.R.102,R,R,102
748,I,R.R.103,R,R,103
749,L,R.R.104,R,R,104
750,P,R.R.105,R,R,105
751,R,R.R.106,R,R,106
752,I,R.R.107,R,R,107
753,S,R.R.108,R,R,108
754,V,R.R.109,R,R,109
755,I,R.R.110,R,R,110
756,S,R.R.111,R,R,111
757,T,R.R.112,R,R,112
758,G,R.R.113,R,R,113
759,P,R.R.114,R,R,114
760,T,R.R.115,R,R,115
761,L,R.R.116,R,R,116
762,Q,R.R.117,R,R,117
763,A,R.R.118,R,R,118
764,R,R.R.119,R,R,119
765,R,R.R.120,R,R,120
766,R,R.R.121,R,R,121
767,Q,R.R.122,R,R,122
768,S,R.R.123,R,R,123
769,V,R.R.124,R,R,124
770,L,R.R.125,R,R,125
771,N,R.R.126,R,R,126
772,L,R.R.127,R,R,127
773,M,R.R.128,R,R,128
774,T,R.R.129,R,R,129
775,H,R.R.130,R,R,130
776,S,R.R.131,R,R,131
777,V,R.R.132,R,R,132
778,N,R.R.133,R,R,133
779,Q,R.R.134,R,R,134
780,G,R.R.135,R,R,135
781,Q,R.R.136,R,R,136
782,N,R.R.137,R,R,137
783,I,R.R.138,R,R,138
784,H,R.R.139,R,R,139
785,R,R.R.140,R,R,140
786,K,R.R.141,R,R,141
787,T,R.R.142,R,R,142
788,T,R.R.143,R,R,143
789,A,R.R.144,R,R,144
790,S,R.R.145,R,R,145
791,T,R.R.146,R,R,146
792,R,R.R.147,R,R,147
793,K,R.R.148,R,R,148
794,V,R.R.149,R,R,149
795,S,R.R.150,R,R,150
796,L,R.R.151,R,R,151
797,A,R.R.152,R,R,152
798,P,R.R.153,R,R,153
799,Q,R.R.154,R,R,154
800,A,R.R.155,R,R,155
801,N,R.R.156,R,R,156
802,L,R.R.157,R,R,157
803,T,R.R.158,R,R,158
804,E,R.R.159,R,R,159
805,L,R.R.160,R,R,160
806,D,R.R.161,R,R,161
807,I,R.R.162,R,R,162
808,Y,R.R.163,R,R,163
809,S,R.R.164,R,R,164
810,R,R.R.165,R,R,165
811,R,R.R.166,R,R,166
812,L,R.R.167,R,R,167
813,S,R.R.168,R,R,168
814,Q,R.R.169,R,R,169
815,E,R.R.170,R,R,170
816,T,R.R.171,R,R,171
817,G,R.R.172,R,R,172
818,L,R.R.173,R,R,173
819,E,R.R.174,R,R,174
820,I,R.R.175,R,R,175
821,S,R.R.176,R,R,176
822,E,R.R.177,R,R,177
823,E,R.R.178,R,R,178
824,I,R.R.179,R,R,179
825,N,R.R.180,R,R,180
826,E,R.R.181,R,R,181
827,E,R.R.182,R,R,182
828,D,R.R.183,R,R,183
829,L,R.R.184,R,R,184
830,K,R.R.185,R,R,185
831,E,R.R.186,R,R,186
832,C,R.R.187,R,R,187
833,F,R.R.188,R,R,188
834,F,R.R.189,R,R,189
835,D,R.R.190,R,R,190
836,D,R.R.191,R,R,191
837,M,R.R.192,R,R,192
838,E,R.R.193,R,R,193
839,S,R.R.194,R,R,194
840,I,R.R.195,R,R,195
841,P,R.R.196,R,R,196
842,A,R.R.197,R,R,197
843,V,R.R.198,R,R,198
844,T,T2.N.1,T2,N,1
845,T,T2.N.2,T2,N,2
846,W,T2.EH.1,T2,EH,1
847,N,T2.EH.2,T2,EH,2
848,T,T2.EH.3,T2,EH,3
849,Y,T2.EH.4,T2,EH,4
850,L,T2.EH.5,T2,EH,5
851,R,T2.EH.6,T2,EH,6
852,Y,T2.EH.7,T2,EH,7
853,I,T2.EH.8,T2,EH,8
854,T,T2.eh1.1,T2,eh1,1
855,V,T2.eh1.2,T2,eh1,2
856,H,T2.eh1.3,T2,eh1,3
857,K,T2.1.1,T2,1,1
858,S,T2.1.2,T2,1,2
859,L,T2.1.3,T2,1,3
860,I,T2.1.4,T2,1,4
861,F,T2.1.5,T2,1,5
862,V,T2.1.6,T2,1,6
863,L,T2.1.7,T2,1,7
864,I,T2.1.8,T2,1,8
865,W,T2.1.9,T2,1,9
866,C,T2.1.10,T2,1,10
867,L,T2.1.11,T2,1,11
868,V,T2.1.12,T2,1,12
869,I,T2.1.13,T2,1,13
870,F,T2.1.14,T2,1,14
871,L,T2.1.15,T2,1,15
872,A,T2.1.16,T2,1,16
873,E,T2.1.17,T2,1,17
874,V,T2.1.18,T2,1,18
875,A,T2.1.19,T2,1,19
876,A,T2.1.20,T2,1,20
877,S,T2.1.21,T2,1,21
878,L,T2.1.22,T2,1,22
879,V,T2.1.23,T2,1,23
880,V,T2.1.24,T2,1,24
881,L,T2.1.25,T2,1,25
882,W,T2.1.26,T2,1,26
883,L,T2.12.1,T2,12,1
884,L,T2.12.2,T2,12,2
885,G,T2.12.3,T2,12,3
886,N,T2.12.14,T2,12,14
887,T,T2.12.15,T2,12,15
888,P,T2.12.16,T2,12,16
889,L,T2.12.17,T2,12,17
890,Q,T2.12.18,T2,12,18
891,D,T2.12.19,T2,12,19
892,K,T2.12.20,T2,12,20
893,G,T2.12.21,T2,12,21
894,N,T2.12.22,T2,12,22
895,S,T2.12.23,T2,12,23
896,T,T2.12.24,T2,12,24
897,H,T2.12.25,T2,12,25
898,S,T2.12.26,T2,12,26
899,R,T2.12.27,T2,12,27
900,N,T2.12.28,T2,12,28
901,N,T2.12.29,T2,12,29
902,S,T2.12.30,T2,12,30
903,Y,T2.12.31,T2,12,31
904,A,T2.12.32,T2,12,32
905,V,T2.12.33,T2,12,33
906,I,T2.12.34,T2,12,34
907,I,T2.12.35,T2,12,35
908,T,T2.12.36,T2,12,36
909,S,T2.12.37,T2,12,37
910,T,T2.12.38,T2,12,38
911,S,T2.12.39,T2,12,39
912,S,T2.2.1,T2,2,1
913,Y,T2.2.2,T2,2,2
914,Y,T2.2.3,T2,2,3
915,V,T2.2.4,T2,2,4
916,F,T2.2.5,T2,2,5
917,Y,T2.2.6,T2,2,6
918,I,T2.2.7,T2,2,7
919,Y,T2.2.8,T2,2,8
920,V,T2.2.9,T2,2,9
921,G,T2.2.10,T2,2,10
922,V,T2.2.11,T2,2,11
923,A,T2.2.12,T2,2,12
924,D,T2.2.13,T2,2,13
925,T,T2.2.14,T2,2,14
926,L,T2.2.15,T2,2,15
927,L,T2.2.16,T2,2,16
928,A,T2.2.17,T2,2,17
929,M,T2.2.18,T2,2,18
930,G,T2.2.19,T2,2,19
931,F,T2.2.20,T2,2,20
932,F,T2.2.21,T2,2,21
933,R,T2.2.22,T2,2,22
934,G,T2.2.23,T2,2,23
935,L,T2.2.24,T2,2,24
936,P,T2.2.25,T2,2,25
937,L,T2.2.26,T2,2,26
938,V,T2.2.27,T2,2,27
939,H,T2.2.28,T2,2,28
940,T,T2.2.29,T2,2,29
941,L,T2.2.30,T2,2,30
942,I,T2.2.31,T2,2,31
943,T,T2.2.32,T2,2,32
944,V,T2.2.33,T2,2,33
945,S,T2.2.34,T2,2,34
946,K,T2.2.35,T2,2,35
947,I,T2.2.36,T2,2,36
948,L,T2.2.37,T2,2,37
949,H,T2.2.38,T2,2,38
950,H,T2.2.39,T2,2,39
951,K,T2.2.40,T2,2,40
952,M,T2.2.41,T2,2,41
953,L,T2.2.42,T2,2,42
954,H,T2.2.43,T2,2,43
955,S,T2.2.44,T2,2,44
956,V,T2.2.45,T2,2,45
957,L,T2.23.1,T2,23,1
958,Q,T2.23.2,T2,23,2
959,A,T2.23.3,T2,23,3
960,P,T2.23.4,T2,23,4
961,M,T2.23.5,T2,23,5
962,S,T2.23.6,T2,23,6
963,T,T2.23.7,T2,23,7
964,L,T2.23.8,T2,23,8
965,N,T2.23.9,T2,23,9
966,T,T2.23.10,T2,23,10
967,L,T2.23.11,T2,23,11
968,K,T2.23.12,T2,23,12
969,A,T2.3.1,T2,3,1
970,G,T2.3.2,T2,3,2
971,G,T2.3.3,T2,3,3
972,I,T2.3.4,T2,3,4
973,L,T2.3.5,T2,3,5
974,N,T2.3.6,T2,3,6
975,R,T2.3.7,T2,3,7
976,F,T2.3.8,T2,3,8
977,S,T2.3.9,T2,3,9
978,K,T2.3.10,T2,3,10
979,D,T2.3.11,T2,3,11
980,I,T2.3.12,T2,3,12
981,A,T2.3.13,T2,3,13
982,I,T2.3.14,T2,3,14
983,L,T2.3.15,T2,3,15
984,D,T2.3.16,T2,3,16
985,D,T2.3.17,T2,3,17
986,L,T2.3.18,T2,3,18
987,L,T2.3.19,T2,3,19
988,P,T2.3.20,T2,3,20
989,L,T2.3.21,T2,3,21
990,T,T2.3.22,T2,3,22
991,I,T2.3.23,T2,3,23
992,F,T2.3.24,T2,3,24
993,D,T2.3.25,T2,3,25
994,F,T2.3.26,T2,3,26
995,I,T2.3.27,T2,3,27
996,Q,T2.3.28,T2,3,28
997,L,T2.3.29,T2,3,29
998,L,T2.3.30,T2,3,30
999,L,T2.3.31,T2,3,31
1000,I,T2.3.32,T2,3,32
1001,V,T2.3.33,T2,3,33
1002,I,T2.3.34,T2,3,34
1003,G,T2.3.35,T2,3,35
1004,A,T2.3.36,T2,3,36
1005,I,T2.3.37,T2,3,37
1006,A,T2.3.38,T2,3,38
1007,V,T2.3.39,T2,3,39
1008,V,T2.3.40,T2,3,40
1009,A,T2.3.41,T2,3,41
1010,V,T2.3.42,T2,3,42
1011,L,T2.3.43,T2,3,43
1012,Q,T2.34.1,T2,34,1
1013,P,T2.4.1,T2,4,1
1014,Y,T2.4.2,T2,4,2
1015,I,T2.4.3,T2,4,3
1016,F,T2.4.4,T2,4,4
1017,V,T2.4.5,T2,4,5
1018,A,T2.4.6,T2,4,6
1019,T,T2.4.7,T2,4,7
1020,V,T2.4.8,T2,4,8
1021,P,T2.4.9,T2,4,9
1022,V,T2.4.10,T2,4,10
1023,I,T2.4.11,T2,4,11
1024,V,T2.4.12,T2,4,12
1025,A,T2.4.13,T2,4,13
1026,F,T2.4.14,T2,4,14
1027,I,T2.4.15,T2,4,15
1028,M,T2.4.16,T2,4,16
1029,L,T2.4.17,T2,4,17
1030,R,T2.4.18,T2,4,18
1031,A,T2.4.19,T2,4,19
1032,Y,T2.4.20,T2,4,20
1033,F,T2.4.21,T2,4,21
1034,L,T2.4.22,T2,4,22
1035,Q,T2.4.23,T2,4,23
1036,T,T2.4.24,T2,4,24
1037,S,T2.4.25,T2,4,25
1038,Q,T2.4.26,T2,4,26
1039,Q,T2.4.27,T2,4,27
1040,L,T2.4.28,T2,4,28
1041,K,T2.4.29,T2,4,29
1042,Q,T2.4.30,T2,4,30
1043,L,T2.4.31,T2,4,31
1044,E,T2.4.32,T2,4,32
1045,S,T2.4.33,T2,4,33
1046,E,T2.4.34,T2,4,34
1047,G,T2.4.35,T2,4,35
1048,R,T2.4.36,T2,4,36
1049,S,T2.4.37,T2,4,37
1050,P,T2.4.38,T2,4,38
1051,I,T2.4.39,T2,4,39
1052,F,T2.4.40,T2,4,40
1053,T,T2.4.41,T2,4,41
1054,H,T2.4.42,T2,4,42
1055,L,T2.4.43,T2,4,43
1056,V,T2.4.44,T2,4,44
1057,T,T2.4.45,T2,4,45
1058,S,T2.4.46,T2,4,46
1059,L,T2.4.47,T2,4,47
1060,K,T2.4.48,T2,4,48
1061,G,T2.45.1,T2,45,1
1062,L,T2.45.2,T2,45,2
1063,W,T2.45.3,T2,45,3
1064,T,T2.45.4,T2,45,4
1065,L,T2.45.5,T2,45,5
1066,R,T2.45.6,T2,45,6
1067,A,T2.45.7,T2,45,7
1068,F,T2.45.8,T2,45,8
1069,G,T2.45.9,T2,45,9
1070,R,T2.45.10,T2,45,10
1071,Q,T2.5.1,T2,5,1
1072,P,T2.5.2,T2,5,2
1073,Y,T2.5.3,T2,5,3
1074,F,T2.5.4,T2,5,4
1075,E,T2.5.5,T2,5,5
1076,T,T2.5.6,T2,5,6
1077,L,T2.5.7,T2,5,7
1078,F,T2.5.8,T2,5,8
1079,H,T2.5.9,T2,5,9
1080,K,T2.5.10,T2,5,10
1081,A,T2.5.11,T2,5,11
1082,L,T2.5.12,T2,5,12
1083,N,T2.5.13,T2,5,13
1084,L,T2.5.14,T2,5,14
1085,H,T2.5.15,T2,5,15
1086,T,T2.5.16,T2,5,16
1087,A,T2.5.17,T2,5,17
1088,N,T2.5.18,T2,5,18
1089,W,T2.5.19,T2,5,19
1090,F,T2.5.20,T2,5,20
1091,L,T2.5.21,T2,5,21
1092,Y,T2.5.22,T2,5,22
1093,L,T2.5.23,T2,5,23
1094,S,T2.5.24,T2,5,24
1095,T,T2.5.25,T2,5,25
1096,L,T2.5.26,T2,5,26
1097,R,T2.5.27,T2,5,27
1098,W,T2.5.28,T2,5,28
1099,F,T2.5.29,T2,5,29
1100,Q,T2.5.30,T2,5,30
1101,M,T2.5.31,T2,5,31
1102,R,T2.5.32,T2,5,32
1103,I,T2.5.33,T2,5,33
1104,E,T2.5.34,T2,5,34
1105,M,T2.5.35,T2,5,35
1106,I,T2.5.36,T2,5,36
1107,F,T2.5.37,T2,5,37
1108,V,T2.5.38,T2,5,38
1109,I,T2.5.39,T2,5,39
1110,F,T2.5.40,T2,5,40
1111,F,T2.5.41,T2,5,41
1112,I,T2.5.42,T2,5,42
1113,A,T2.5.43,T2,5,43
1114,V,T2.5.44,T2,5,44
1115,T,T2.5.45,T2,5,45
1116,F,T2.5.46,T2,5,46
1117,I,T2.5.47,T2,5,47
1118,S,T2.5.48,T2,5,48
1119,I,T2.5.49,T2,5,49
1120,L,T2.5.50,T2,5,50
1121,T,T2.56.1,T2,56,1
1122,T,T2.56.2,T2,56,2
1123,G,T2.56.3,T2,56,3
1124,E,T2.56.4,T2,56,4
1125,G,T2.56.5,T2,56,5
1126,E,T2.56.6,T2,56,6
1127,G,T2.6.1,T2,6,1
1128,R,T2.6.2,T2,6,2
1129,V,T2.6.3,T2,6,3
1130,G,T2.6.4,T2,6,4
1131,I,T2.6.5,T2,6,5
1132,I,T2.6.6,T2,6,6
1133,L,T2.6.7,T2,6,7
1134,T,T2.6.8,T2,6,8
1135,L,T2.6.9,T2,6,9
1136,A,T2.6.10,T2,6,10
1137,M,T2.6.11,T2,6,11
1138,N,T2.6.12,T2,6,12
1139,I,T2.6.13,T2,6,13
1140,M,T2.6.14,T2,6,14
1141,S,T2.6.15,T2,6,15
1142,T,T2.6.16,T2,6,16
1143,L,T2.6.17,T2,6,17
1144,Q,T2.6.18,T2,6,18
1145,W,T2.6.19,T2,6,19
1146,A,T2.6.20,T2,6,20
1147,V,T2.6.21,T2,6,21
1148,N,T2.6.22,T2,6,22
1149,S,T2.6.23,T2,6,23
1150,S,T2.6.24,T2,6,24
1151,I,T2.6.25,T2,6,25
1152,D,T2.6.26,T2,6,26
1153,V,T2.6.27,T2,6,27
1154,D,T2.6.28,T2,6,28
1155,S,T2.6.29,T2,6,29
1156,L,T2.6.30,T2,6,30
1157,M,T2.6.31,T2,6,31
1158,R,T2.6.32,T2,6,32
1159,S,T2.6.33,T2,6,33
1160,V,T2.6.34,T2,6,34
1161,S,T2.6.35,T2,6,35
1162,R,T2.6.36,T2,6,36
1163,V,T2.6.37,T2,6,37
1164,F,T2.6.38,T2,6,38
1165,K,T2.6.39,T2,6,39
1166,F,T2.6.40,T2,6,40
1167,I,T2.6.41,T2,6,41
1168,D,T2.6.42,T2,6,42
1169,M,N2.N.1,N2,N,1
1170,P,N2.N.2,N2,N,2
1171,T,N2.N.3,N2,N,3
1172,E,N2.N.4,N2,N,4
1173,G,N2.N.5,N2,N,5
1174,K,N2.N.7,N2,N,7
1175,P,N2.N.8,N2,N,8
1176,T,N2.N.9,N2,N,9
1177,K,N2.N.10,N2,N,10
1178,S,N2.N.11,N2,N,11
1179,T,N2.N.12,N2,N,12
1180,K,N2.N.13,N2,N,13
1181,P,N2.N.14,N2,N,14
1182,Y,N2.N.15,N2,N,15
1183,K,N2.N.16,N2,N,16
1184,N,N2.N.17,N2,N,17
1185,G,N2.N.18,N2,N,18
1186,Q,N2.N.19,N2,N,19
1187,L,N2.N.20,N2,N,20
1188,S,N2.N.21,N2,N,21
1189,K,N2.N.22,N2,N,22
1190,V,N2.N.23,N2,N,23
1191,M,N2.N.24,N2,N,24
1192,I,N2.N.25,N2,N,25
1193,I,N2.N.26,N2,N,26
1194,E,N2.N.27,N2,N,27
1195,N,N2.N.28,N2,N,28
1196,S,N2.N.29,N2,N,29
1197,H,N2.N.30,N2,N,30
1198,V,N2.N.31,N2,N,31
1199,K,N2.N.32,N2,N,32
1200,K,N2.N.33,N2,N,33
1201,D,N2.N.34,N2,N,34
1202,D,N2.N.35,N2,N,35
1203,I,N2.N.36,N2,N,36
1204,W,N2.N.37,N2,N,37
1205,P,N2.N.38,N2,N,38
1206,S,N2.N.39,N2,N,39
1207,G,N2.N.40,N2,N,40
1208,G,N2.N.41,N2,N,41
1209,Q,N2.N.42,N2,N,42
1210,M,N2.B1.1,N2,B1,1
1211,T,N2.B1.2,N2,B1,2
1212,V,N2.B1.3,N2,B1,3
1213,K,N2.B1.4,N2,B1,4
1214,D,N2.B1.5,N2,B1,5
1215,L,N2.B1.6,N2,B1,6
1216,T,N2.B1.7,N2,B1,7
1217,A,N2.B1.8,N2,B1,8
1218,K,N2.B1.9,N2,B1,9
1219,Y,N2.b1b2.1,N2,b1b2,1
1220,T,N2.b1b2.2,N2,b1b2,2
1221,E,N2.b1b2.3,N2,b1b2,3
1222,G,N2.b1b2.4,N2,b1b2,4
1223,G,N2.b1b2.5,N2,b1b2,5
1224,N,N2.b1b2.6,N2,b1b2,6
1225,A,N2.b1b2.7,N2,b1b2,7
1226,I,N2.B2.1,N2,B2,1
1227,L,N2.B2.2,N2,B2,2
1228,E,N2.B2.3,N2,B2,3
1229,N,N2.B2.4,N2,B2,4
1230,I,N2.B2.5,N2,B2,5
1231,S,N2.B2.6,N2,B2,6
1232,F,N2.B2.7,N2,B2,7
1233,S,N2.B2.8,N2,B2,8
1234,I,N2.B2.9,N2,B2,9
1235,S,N2.b2b3.1,N2,b2b3,1
1236,P,N2.b2b3.2,N2,b2b3,2
1237,G,N2.b2b3.3,N2,b2b3,3
1238,Q,N2.b2b3.4,N2,b2b3,4
1239,R,N2.B3.1,N2,B3,1
1240,V,N2.B3.2,N2,B3,2
1241,G,N2.B3.3,N2,B3,3
1242,L,N2.B3.4,N2,B3,4
1243,L,N2.B3.5,N2,B3,5
1244,G,N2.b3h1.1,N2,b3h1,1
1245,R,N2.b3h1.2,N2,b3h1,2
1246,T,N2.b3h1.3,N2,b3h1,3
1247,G,N2.b3h1.4,N2,b3h1,4
1248,S,N2.b3h1.5,N2,b3h1,5
1249,G,N2.b3h1.6,N2,b3h1,6
1250,K,N2.H1.1,N2,H1,1
1251,S,N2.H1.2,N2,H1,2
1252,T,N2.H1.3,N2,H1,3
1253,L,N2.H1.4,N2,H1,4
1254,L,N2.H1.5,N2,H1,5
1255,S,N2.H1.6,N2,H1,6
1256,A,N2.H1.7,N2,H1,7
1257,F,N2.H1.8,N2,H1,8
1258,L,N2.H1.9,N2,H1,9
1259,R,N2.h1b4.1,N2,h1b4,1
1260,L,N2.h1b4.2,N2,h1b4,2
1261,L,N2.h1b4.3,N2,h1b4,3
1262,N,N2.h1b4.4,N2,h1b4,4
1263,T,N2.h1b4.5,N2,h1b4,5
1264,E,N2.h1b4.6,N2,h1b4,6
1265,G,N2.h1b4.7,N2,h1b4,7
1266,E,N2.B4.1,N2,B4,1
1267,I,N2.B4.2,N2,B4,2
1268,Q,N2.B4.3,N2,B4,3
1269,I,N2.B4.4,N2,B4,4
1270,D,N2.b4b5.1,N2,b4b5,1
1271,G,N2.b4b5.2,N2,b4b5,2
1272,V,N2.b4b5.3,N2,b4b5,3
1273,S,N2.b4b5.4,N2,b4b5,4
1274,W,N2.b4b5.5,N2,b4b5,5
1275,D,N2.b4b5.6,N2,b4b5,6
1276,S,N2.b4b5.7,N2,b4b5,7
1277,I,N2.b4b5.8,N2,b4b5,8
1278,T,N2.b4b5.9,N2,b4b5,9
1279,L,N2.b4b5.10,N2,b4b5,10
1280,Q,N2.b4b5.11,N2,b4b5,11
1281,Q,N2.b4b5.12,N2,b4b5,12
1282,W,N2.b4b5.13,N2,b4b5,13
1283,R,N2.b4b5.14,N2,b4b5,14
1284,K,N2.b4b5.15,N2,b4b5,15
1285,A,N2.b4b5.16,N2,b4b5,16
1286,F,N2.B5.1,N2,B5,1
1287,G,N2.B5.2,N2,B5,2
1288,V,N2.B5.3,N2,B5,3
1289,I,N2.B5.4,N2,B5,4
1290,P,N2.b5h2.1,N2,b5h2,1
1291,Q,N2.b5h2.2,N2,b5h2,2
1292,K,N2.b5h2.3,N2,b5h2,3
1293,V,N2.b5h2.4,N2,b5h2,4
1294,F,N2.b5h2.5,N2,b5h2,5
1295,I,N2.b5h2.6,N2,b5h2,6
1296,F,N2.b5h2.7,N2,b5h2,7
1297,S,N2.b5h2.8,N2,b5h2,8
1298,G,N2.b5h2.9,N2,b5h2,9
1299,T,N2.b5h2.10,N2,b5h2,10
1300,F,N2.H2.1,N2,H2,1
1301,R,N2.H2.2,N2,H2,2
1302,K,N2.H2.3,N2,H2,3
1303,N,N2.H2.4,N2,H2,4
1304,L,N2.H2.5,N2,H2,5
1305,D,N2.h2h3.1,N2,h2h3,1
1306,P,N2.h2h3.2,N2,h2h3,2
1307,Y,N2.h2h3.3,N2,h2h3,3
1308,E,N2.h2h3.4,N2,h2h3,4
1309,Q,N2.h2h3.5,N2,h2h3,5
1310,W,N2.h2h3.6,N2,h2h3,6
1311,S,N2.h2h3.7,N2,h2h3,7
1312,D,N2.H3.1,N2,H3,1
1313,Q,N2.H3.2,N2,H3,2
1314,E,N2.H3.3,N2,H3,3
1315,I,N2.H3.4,N2,H3,4
1316,W,N2.H3.5,N2,H3,5
1317,K,N2.H3.6,N2,H3,6
1318,V,N2.H3.7,N2,H3,7
1319,A,N2.H3.8,N2,H3,8
1320,D,N2.H3.9,N2,H3,9
1321,E,N2.H3.10,N2,H3,10
1322,V,N2.H3.11,N2,H3,11
1323,G,N2.h3h4.1,N2,h3h4,1
1324,L,N2.H4.1,N2,H4,1
1325,R,N2.H4.2,N2,H4,2
1326,S,N2.H4.3,N2,H4,3
1327,V,N2.H4.4,N2,H4,4
1328,I,N2.H4.5,N2,H4,5
1329,E,N2.H4.6,N2,H4,6
1330,Q,N2.h4h5.1,N2,h4h5,1
1331,F,N2.h4h5.2,N2,h4h5,2
1332,P,N2.h4h5.3,N2,h4h5,3
1333,G,N2.h4h5.4,N2,h4h5,4
1334,K,N2.h4h5.5,N2,h4h5,5
1335,L,N2.h4h5.6,N2,h4h5,6
1336,D,N2.h4h5.7,N2,h4h5,7
1337,F,N2.h4h5.8,N2,h4h5,8
1338,V,N2.h4h5.9,N2,h4h5,9
1339,L,N2.h4h5.10,N2,h4h5,10
1340,V,N2.h4h5.11,N2,h4h5,11
1341,D,N2.h4h5.12,N2,h4h5,12
1342,G,N2.h4h5.13,N2,h4h5,13
1343,G,N2.h4h5.14,N2,h4h5,14
1344,C,N2.h4h5.15,N2,h4h5,15
1345,V,N2.h4h5.16,N2,h4h5,16
1346,L,N2.h4h5.17,N2,h4h5,17
1347,S,N2.h4h5.18,N2,h4h5,18
1348,H,N2.H5.1,N2,H5,1
1349,G,N2.H5.2,N2,H5,2
1350,H,N2.H5.3,N2,H5,3
1351,K,N2.H5.4,N2,H5,4
1352,Q,N2.H5.5,N2,H5,5
1353,L,N2.H5.6,N2,H5,6
1354,M,N2.H5.7,N2,H5,7
1355,C,N2.H5.8,N2,H5,8
1356,L,N2.H5.9,N2,H5,9
1357,A,N2.H5.10,N2,H5,10
1358,R,N2.H5.11,N2,H5,11
1359,S,N2.H5.12,N2,H5,12
1360,V,N2.H5.13,N2,H5,13
1361,L,N2.H5.14,N2,H5,14
1362,S,N2.H5.15,N2,H5,15
1363,K,N2.h5b6.1,N2,h5b6,1
1364,A,N2.h5b6.2,N2,h5b6,2
1365,K,N2.h5b6.3,N2,h5b6,3
1366,I,N2.B6.1,N2,B6,1
1367,L,N2.B6.2,N2,B6,2
1368,L,N2.B6.3,N2,B6,3
1369,L,N2.B6.4,N2,B6,4
1370,D,N2.B6.5,N2,B6,5
1371,E,N2.b6h6.1,N2,b6h6,1
1372,P,N2.b6h6.2,N2,b6h6,2
1373,S,N2.b6h6.3,N2,b6h6,3
1374,A,N2.b6h6.4,N2,b6h6,4
1375,H,N2.b6h6.5,N2,b6h6,5
1376,L,N2.b6h6.6,N2,b6h6,6
1377,D,N2.b6h6.7,N2,b6h6,7
1378,P,N2.H6.1,N2,H6,1
1379,V,N2.H6.2,N2,H6,2
1380,T,N2.H6.3,N2,H6,3
1381,Y,N2.H6.4,N2,H6,4
1382,Q,N2.H6.5,N2,H6,5
1383,I,N2.H6.6,N2,H6,6
1384,I,N2.H6.7,N2,H6,7
1385,R,N2.H6.8,N2,H6,8
1386,R,N2.H6.9,N2,H6,9
1387,T,N2.H6.10,N2,H6,10
1388,L,N2.H6.11,N2,H6,11
1389,K,N2.H6.12,N2,H6,12
1390,Q,N2.H6.13,N2,H6,13
1391,A,N2.H6.14,N2,H6,14
1392,F,N2.h6b7.1,N2,h6b7,1
1393,A,N2.h6b7.2,N2,h6b7,2
1394,D,N2.h6b7.3,N2,h6b7,3
1395,C,N2.h6b7.4,N2,h6b7,4
1396,T,N2.B7.1,N2,B7,1
1397,V,N2.B7.2,N2,B7,2
1398,I,N2.B7.3,N2,B7,3
1399,L,N2.B7.4,N2,B7,4
1400,C,N2.B7.5,N2,B7,5
1401,E,N2.b7h7.1,N2,b7h7,1
1402,H,N2.b7h7.2,N2,b7h7,2
1403,R,N2.b7h7.3,N2,b7h7,3
1404,I,N2.H7.1,N2,H7,1
1405,E,N2.H7.2,N2,H7,2
1406,A,N2.H7.3,N2,H7,3
1407,M,N2.H7.4,N2,H7,4
1408,L,N2.H7.5,N2,H7,5
1409,E,N2.H7.6,N2,H7,6
1410,C,N2.h7b8.1,N2,h7b8,1
1411,Q,N2.h7b8.2,N2,h7b8,2
1412,Q,N2.B8.1,N2,B8,1
1413,F,N2.B8.2,N2,B8,2
1414,L,N2.B8.3,N2,B8,3
1415,V,N2.B8.4,N2,B8,4
1416,I,N2.B8.5,N2,B8,5
1417,E,N2.B8.6,N2,B8,6
1418,E,N2.b8h8.1,N2,b8h8,1
1419,N,N2.b8h8.2,N2,b8h8,2
1420,K,N2.b8h8.3,N2,b8h8,3
1421,V,N2.b8h8.4,N2,b8h8,4
1422,R,N2.b8h8.5,N2,b8h8,5
1423,Q,N2.b8h8.6,N2,b8h8,6
1424,Y,N2.b8h8.7,N2,b8h8,7
1425,D,N2.b8h8.8,N2,b8h8,8
1426,S,N2.b8h8.9,N2,b8h8,9
1427,I,N2.H8.1,N2,H8,1
1428,Q,N2.H8.2,N2,H8,2
1429,K,N2.H8.3,N2,H8,3
1430,L,N2.H8.4,N2,H8,4
1431,L,N2.H8.5,N2,H8,5
1432,N,N2.H8.6,N2,H8,6
1433,E,N2.H8.7,N2,H8,7
1434,R,N2.H8.8,N2,H8,8
1435,S,N2.H8.9,N2,H8,9
1436,L,N2.C.1,N2,C,1
1437,F,N2.C.2,N2,C,2
1438,R,N2.C.3,N2,C,3
1439,Q,N2.C.4,N2,C,4
1440,A,N2.C.5,N2,C,5
1441,I,N2.C.6,N2,C,6
1442,S,N2.C.7,N2,C,7
1443,P,N2.C.8,N2,C,8
1444,S,N2.C.9,N2,C,9
1445,D,N2.C.10,N2,C,10
1446,R,N2.C.11,N2,C,11
1447,V,N2.C.12,N2,C,12
1448,K,N2.C.13,N2,C,13
1449,L,N2.C.14,N2,C,14
1450,F,N2.C.15,N2,C,15
1451,P,N2.C.16,N2,C,16
1452,H,N2.C.17,N2,C,17
1453,R,N2.C.18,N2,C,18
1454,N,N2.C.19,N2,C,19
1455,S,N2.C.20,N2,C,20
1456,S,N2.C.21,N2,C,21
1457,K,N2.C.22,N2,C,22
1458,C,N2.C.23,N2,C,23
1459,K,N2.C.24,N2,C,24
1460,S,N2.C.25,N2,C,25
1461,K,N2.C.26,N2,C,26
1462,P,N2.C.27,N2,C,27
1463,Q,N2.C.28,N2,C,28
1464,I,N2.C.29,N2,C,29
1465,A,N2.C.30,N2,C,30
1466,A,N2.C.35,N2,C,35
1467,L,N2.C.36,N2,C,36
1468,K,N2.C.37,N2,C,37
1469,E,N2.C.38,N2,C,38
1470,E,N2.C.39,N2,C,39
1471,T,N2.C.40,N2,C,40
1472,E,N2.C.41,N2,C,41
1473,E,N2.C.42,N2,C,42
1474,E,N2.C.43,N2,C,43
1475,V,N2.C.44,N2,C,44
1476,Q,N2.C.45,N2,C,45
1477,D,N2.C.46,N2,C,46
1478,T,N2.C.47,N2,C,47
1479,R,N2.C.48,N2,C,48
1480,L,N2.C.49,N2,C,49