resid,uniprot,CAN,dom,sse,sseno
M,1,L.N.1,L,N,1
Q,2,L.N.2,L,N,2
R,3,L.N.3,L,N,3
S,4,L.N.4,L,N,4
P,5,L.N.5,L,N,5
V,6,L.N.6,L,N,6
E,7,L.N.7,L,N,7
D,8,L.N.8,L,N,8
A,9,L.N.9,L,N,9
N,10,L.N.10,L,N,10
C,11,L.H1.1,L,H1,1
L,12,L.H1.2,L,H1,2
S,13,L.H1.3,L,H1,3
R,14,L.H1.4,L,H1,4
Y,15,L.H1.5,L,H1,5
F,16,L.H1.6,L,H1,6
F,17,L.H1.7,L,H1,7
W,18,L.H1.8,L,H1,8
W,19,L.H1.9,L,H1,9
T,20,L.H1.10,L,H1,10
N,21,L.H1.11,L,H1,11
P,22,L.H1.12,L,H1,12
I,23,L.H1.13,L,H1,13
M,24,L.H1.14,L,H1,14
R,25,L.H1.15,L,H1,15
K,26,L.H1.16,L,H1,16
G,27,L.H1.17,L,H1,17
F,28,L.H1.18,L,H1,18
K,29,L.H1.19,L,H1,19
E,30,L.h1h2.1,L,h1h2,1
K,31,L.h1h2.2,L,h1h2,2
L,32,L.h1h2.3,L,h1h2,3
R,33,L.h1h2.4,L,h1h2,4
P,34,L.h1h2.5,L,h1h2,5
S,35,L.h1h2.6,L,h1h2,6
D,36,L.h1h2.7,L,h1h2,7
V,37,L.h1h2.8,L,h1h2,8
Y,38,L.h1h2.9,L,h1h2,9
Q,39,L.h1h2.10,L,h1h2,10
A,40,L.h1h2.11,L,h1h2,11
P,41,L.h1h2.12,L,h1h2,12
S,42,L.h1h2.13,L,h1h2,13
Q,43,L.h1h2.14,L,h1h2,14
D,44,L.h1h2.15,L,h1h2,15
A,45,L.h1h2.16,L,h1h2,16
A,46,L.H2.1,L,H2,1
D,47,L.H2.2,L,H2,2
I,48,L.H2.3,L,H2,3
L,49,L.H2.4,L,H2,4
A,50,L.H2.5,L,H2,5
E,51,L.H2.6,L,H2,6
R,52,L.H2.7,L,H2,7
L,53,L.H2.8,L,H2,8
E,54,L.H2.9,L,H2,9
K,55,L.H2.10,L,H2,10
E,56,L.H2.11,L,H2,11
W,57,L.H2.12,L,H2,12
D,58,L.H2.13,L,H2,13
R,59,L.H2.14,L,H2,14
E,60,L.H2.15,L,H2,15
V,61,L.H2.16,L,H2,16
A,62,L.H2.17,L,H2,17
S,63,L.H2.18,L,H2,18
G,64,L.h2eh.1,L,h2eh,1
K,65,L.h2eh.2,L,h2eh,2
K,66,L.h2eh.3,L,h2eh,3
K,67,L.h2eh.4,L,h2eh,4
P,68,L.h2eh.5,L,h2eh,5
S,69,L.h2eh.6,L,h2eh,6
L,70,T1.EH.1,T1,EH,1
L,71,T1.EH.2,T1,EH,2
R,72,T1.EH.3,T1,EH,3
A,73,T1.EH.4,T1,EH,4
M,74,T1.EH.5,T1,EH,5
A,75,T1.EH.6,T1,EH,6
R,76,T1.EH.7,T1,EH,7
C,77,T1.EH.8,T1,EH,8
Y,78,T1.eh1.1,T1,eh1,1
I,79,T1.1.1,T1,1,1
K,80,T1.1.2,T1,1,2
P,81,T1.1.3,T1,1,3
F,82,T1.1.4,T1,1,4
L,83,T1.1.5,T1,1,5
L,84,T1.1.6,T1,1,6
F,85,T1.1.7,T1,1,7
G,86,T1.1.8,T1,1,8
F,87,T1.1.9,T1,1,9
L,88,T1.1.10,T1,1,10
L,89,T1.1.11,T1,1,11
Y,90,T1.1.12,T1,1,12
I,91,T1.1.13,T1,1,13
G,92,T1.1.14,T1,1,14
E,93,T1.1.15,T1,1,15
A,94,T1.1.16,T1,1,16
T,95,T1.1.17,T1,1,17
K,96,T1.1.18,T1,1,18
T,97,T1.1.19,T1,1,19
V,98,T1.1.20,T1,1,20
Q,99,T1.1.21,T1,1,21
P,100,T1.1.22,T1,1,22
Q,101,T1.1.23,T1,1,23
L,102,T1.1.24,T1,1,24
L,103,T1.1.25,T1,1,25
G,104,T1.1.26,T1,1,26
R,105,T1.1.27,T1,1,27
I,106,T1.1.28,T1,1,28
I,107,T1.1.29,T1,1,29
A,108,T1.1.30,T1,1,30
S,109,T1.1.31,T1,1,31
F,110,T1.12.1,T1,12,1
D,111,T1.12.2,T1,12,2
P,112,T1.12.3,T1,12,3
A,113,T1.12.4,T1,12,4
H,114,T1.12.5,T1,12,5
E,115,T1.12.6,T1,12,6
P,116,T1.12.7,T1,12,7
E,117,T1.12.8,T1,12,8
R,118,T1.2.1,T1,2,1
A,119,T1.2.2,T1,2,2
N,120,T1.2.3,T1,2,3
G,121,T1.2.4,T1,2,4
Y,122,T1.2.5,T1,2,5
F,123,T1.2.6,T1,2,6
L,124,T1.2.7,T1,2,7
A,125,T1.2.8,T1,2,8
F,126,T1.2.9,T1,2,9
G,127,T1.2.10,T1,2,10
L,128,T1.2.11,T1,2,11
G,129,T1.2.12,T1,2,12
L,130,T1.2.13,T1,2,13
L,131,T1.2.14,T1,2,14
F,132,T1.2.15,T1,2,15
T,133,T1.2.16,T1,2,16
A,134,T1.2.17,T1,2,17
R,135,T1.2.18,T1,2,18
F,136,T1.2.19,T1,2,19
L,137,T1.2.20,T1,2,20
L,138,T1.2.21,T1,2,21
L,139,T1.2.22,T1,2,22
Q,140,T1.2.23,T1,2,23
P,141,T1.2.24,T1,2,24
A,142,T1.2.25,T1,2,25
M,143,T1.2.26,T1,2,26
F,144,T1.2.27,T1,2,27
G,145,T1.2.28,T1,2,28
L,146,T1.2.29,T1,2,29
H,147,T1.2.30,T1,2,30
H,148,T1.2.31,T1,2,31
L,149,T1.2.32,T1,2,32
G,150,T1.2.33,T1,2,33
M,151,T1.2.34,T1,2,34
Q,152,T1.2.35,T1,2,35
I,153,T1.2.36,T1,2,36
R,154,T1.2.37,T1,2,37
I,155,T1.2.38,T1,2,38
A,156,T1.2.39,T1,2,39
L,157,T1.2.40,T1,2,40
F,158,T1.2.41,T1,2,41
S,159,T1.2.42,T1,2,42
I,160,T1.2.43,T1,2,43
I,161,T1.2.44,T1,2,44
Y,162,T1.2.45,T1,2,45
K,163,T1.2.46,T1,2,46
K,164,T1.2.47,T1,2,47
T,165,T1.2.48,T1,2,48
L,166,T1.2.49,T1,2,49
K,167,T1.23.1,T1,23,1
L,168,T1.23.2,T1,23,2
S,169,T1.23.3,T1,23,3
S,170,T1.23.4,T1,23,4
R,171,T1.23.5,T1,23,5
V,172,T1.23.6,T1,23,6
L,173,T1.23.7,T1,23,7
D,174,T1.23.8,T1,23,8
K,175,T1.23.9,T1,23,9
I,176,T1.23.10,T1,23,10
S,177,T1.23.11,T1,23,11
T,178,T1.3.1,T1,3,1
G,179,T1.3.2,T1,3,2
Q,180,T1.3.3,T1,3,3
L,181,T1.3.4,T1,3,4
V,182,T1.3.5,T1,3,5
S,183,T1.3.6,T1,3,6
L,184,T1.3.7,T1,3,7
M,185,T1.3.8,T1,3,8
S,186,T1.3.9,T1,3,9
A,187,T1.3.10,T1,3,10
N,188,T1.3.11,T1,3,11
L,189,T1.3.12,T1,3,12
G,190,T1.3.13,T1,3,13
K,191,T1.3.14,T1,3,14
F,192,T1.3.15,T1,3,15
D,193,T1.3.16,T1,3,16
Q,194,T1.3.17,T1,3,17
S,195,T1.3.18,T1,3,18
L,196,T1.3.19,T1,3,19
G,197,T1.3.20,T1,3,20
M,198,T1.3.21,T1,3,21
A,199,T1.3.22,T1,3,22
H,200,T1.3.23,T1,3,23
F,201,T1.3.24,T1,3,24
I,202,T1.3.25,T1,3,25
W,203,T1.3.26,T1,3,26
I,204,T1.3.27,T1,3,27
S,205,T1.3.28,T1,3,28
P,206,T1.3.29,T1,3,29
L,207,T1.3.30,T1,3,30
Q,208,T1.3.31,T1,3,31
C,209,T1.3.32,T1,3,32
I,210,T1.3.33,T1,3,33
L,211,T1.3.34,T1,3,34
C,212,T1.3.35,T1,3,35
T,213,T1.3.36,T1,3,36
G,214,T1.3.37,T1,3,37
L,215,T1.3.38,T1,3,38
I,216,T1.34.1,T1,34,1
W,217,T1.34.2,T1,34,2
E,218,T1.34.3,T1,34,3
L,219,T1.34.4,T1,34,4
I,220,T1.34.5,T1,34,5
D,221,T1.34.6,T1,34,6
V,222,T1.34.7,T1,34,7
N,223,T1.4.1,T1,4,1
S,224,T1.4.2,T1,4,2
F,225,T1.4.3,T1,4,3
C,226,T1.4.4,T1,4,4
A,227,T1.4.5,T1,4,5
L,228,T1.4.6,T1,4,6
A,229,T1.4.7,T1,4,7
A,230,T1.4.8,T1,4,8
I,231,T1.4.9,T1,4,9
S,232,T1.4.10,T1,4,10
L,233,T1.4.11,T1,4,11
L,234,T1.4.12,T1,4,12
G,235,T1.4.13,T1,4,13
V,236,T1.4.14,T1,4,14
L,237,T1.4.15,T1,4,15
Q,238,T1.4.16,T1,4,16
A,239,T1.4.17,T1,4,17
F,240,T1.4.18,T1,4,18
L,241,T1.4.19,T1,4,19
S,242,T1.4.20,T1,4,20
H,243,T1.4.21,T1,4,21
K,244,T1.4.22,T1,4,22
M,245,T1.4.23,T1,4,23
G,246,T1.4.24,T1,4,24
P,247,T1.4.25,T1,4,25
Y,248,T1.4.26,T1,4,26
K,249,T1.4.27,T1,4,27
A,250,T1.4.28,T1,4,28
Q,251,T1.4.29,T1,4,29
K,252,T1.4.30,T1,4,30
V,253,T1.4.31,T1,4,31
L,254,T1.4.32,T1,4,32
L,255,T1.4.33,T1,4,33
T,256,T1.4.34,T1,4,34
N,257,T1.4.35,T1,4,35
K,258,T1.4.36,T1,4,36
R,259,T1.4.37,T1,4,37
L,260,T1.4.38,T1,4,38
A,261,T1.4.39,T1,4,39
L,262,T1.4.40,T1,4,40
T,263,T1.4.41,T1,4,41
S,264,T1.4.42,T1,4,42
E,265,T1.4.43,T1,4,43
I,266,T1.4.44,T1,4,44
M,267,T1.4.45,T1,4,45
E,268,T1.4.46,T1,4,46
N,269,T1.45.1,T1,45,1
L,270,T1.45.2,T1,45,2
H,271,T1.45.3,T1,45,3
S,272,T1.45.4,T1,45,4
V,273,T1.45.5,T1,45,5
K,274,T1.45.6,T1,45,6
A,275,T1.45.7,T1,45,7
Y,276,T1.45.8,T1,45,8
G,277,T1.45.9,T1,45,9
W,278,T1.45.10,T1,45,10
E,279,T1.45.11,T1,45,11
E,280,T1.45.12,T1,45,12
I,281,T1.45.13,T1,45,13
M,282,T1.45.14,T1,45,14
E,283,T1.5.1,T1,5,1
T,284,T1.5.2,T1,5,2
L,285,T1.5.3,T1,5,3
I,286,T1.5.4,T1,5,4
K,287,T1.5.5,T1,5,5
N,288,T1.5.6,T1,5,6
I,289,T1.5.7,T1,5,7
R,290,T1.5.8,T1,5,8
Q,291,T1.5.9,T1,5,9
D,292,T1.5.10,T1,5,10
E,293,T1.5.11,T1,5,11
V,294,T1.5.12,T1,5,12
K,295,T1.5.13,T1,5,13
L,296,T1.5.14,T1,5,14
T,297,T1.5.15,T1,5,15
R,298,T1.5.16,T1,5,16
K,299,T1.5.17,T1,5,17
I,300,T1.5.18,T1,5,18
G,301,T1.5.19,T1,5,19
S,302,T1.5.20,T1,5,20
L,303,T1.5.21,T1,5,21
R,304,T1.5.22,T1,5,22
Y,305,T1.5.23,T1,5,23
F,306,T1.5.24,T1,5,24
Y,307,T1.5.25,T1,5,25
S,308,T1.5.26,T1,5,26
S,309,T1.5.27,T1,5,27
A,310,T1.5.28,T1,5,28
Y,311,T1.5.29,T1,5,29
F,312,T1.5.30,T1,5,30
F,313,T1.5.31,T1,5,31
S,314,T1.5.32,T1,5,32
A,315,T1.5.33,T1,5,33
I,316,T1.5.34,T1,5,34
F,317,T1.5.35,T1,5,35
V,318,T1.5.36,T1,5,36
I,319,T1.5.37,T1,5,37
V,320,T1.5.38,T1,5,38
A,321,T1.5.39,T1,5,39
A,322,T1.5.40,T1,5,40
V,323,T1.5.41,T1,5,41
V,324,T1.5.42,T1,5,42
P,325,T1.5.43,T1,5,43
H,326,T1.5.44,T1,5,44
A,327,T1.5.45,T1,5,45
L,328,T1.5.46,T1,5,46
S,329,T1.56.1,T1,56,1
R,330,T1.56.2,T1,56,2
G,331,T1.56.3,T1,56,3
I,332,T1.56.4,T1,56,4
N,333,T1.56.5,T1,56,5
L,334,T1.56.6,T1,56,6
R,335,T1.56.7,T1,56,7
R,336,T1.6.1,T1,6,1
I,337,T1.6.2,T1,6,2
F,338,T1.6.3,T1,6,3
T,339,T1.6.4,T1,6,4
T,340,T1.6.5,T1,6,5
L,341,T1.6.6,T1,6,6
S,342,T1.6.7,T1,6,7
Y,343,T1.6.8,T1,6,8
C,344,T1.6.9,T1,6,9
M,345,T1.6.10,T1,6,10
V,346,T1.6.11,T1,6,11
L,347,T1.6.12,T1,6,12
R,348,T1.6.13,T1,6,13
M,349,T1.6.14,T1,6,14
T,350,T1.6.15,T1,6,15
V,351,T1.6.16,T1,6,16
T,352,T1.6.17,T1,6,17
R,353,T1.6.18,T1,6,18
Q,354,T1.6.19,T1,6,19
L,355,T1.6.20,T1,6,20
P,356,T1.6.21,T1,6,21
G,357,T1.6.22,T1,6,22
S,358,T1.6.23,T1,6,23
I,359,T1.6.24,T1,6,24
Q,360,T1.6.25,T1,6,25
M,361,T1.6.26,T1,6,26
W,362,T1.6.27,T1,6,27
Y,363,T1.6.28,T1,6,28
D,364,T1.6.29,T1,6,29
T,365,T1.6.30,T1,6,30
M,366,T1.6.31,T1,6,31
R,367,T1.6.32,T1,6,32
L,368,T1.6.33,T1,6,33
I,369,T1.6.34,T1,6,34
W,370,T1.6.35,T1,6,35
K,371,T1.6.36,T1,6,36
I,372,T1.6.37,T1,6,37
E,373,T1.6.38,T1,6,38
E,374,T1.6.39,T1,6,39
F,375,T1.6.40,T1,6,40
L,376,T1.6.41,T1,6,41
S,377,N1.N.1,N1,N,1
K,378,N1.N.2,N1,N,2
E,379,N1.N.3,N1,N,3
E,380,N1.N.4,N1,N,4
Y,381,N1.N.5,N1,N,5
K,382,N1.N.6,N1,N,6
L,383,N1.N.7,N1,N,7
M,384,N1.N.8,N1,N,8
E,385,N1.N.9,N1,N,9
Y,386,N1.N.10,N1,N,10
D,387,N1.N.11,N1,N,11
L,388,N1.N.12,N1,N,12
S,389,N1.N.13,N1,N,13
I,390,N1.N.14,N1,N,14
T,391,N1.N.15,N1,N,15
E,392,N1.N.16,N1,N,16
L,393,N1.B1.1,N1,B1,1
E,394,N1.B1.2,N1,B1,2
L,395,N1.B1.3,N1,B1,3
Q,396,N1.B1.4,N1,B1,4
D,397,N1.B1.5,N1,B1,5
V,398,N1.B1.6,N1,B1,6
T,399,N1.B1.7,N1,B1,7
A,400,N1.B1.8,N1,B1,8
S,401,N1.B1.9,N1,B1,9
W,402,N1.b1b2.1,N1,b1b2,1
D,403,N1.b1b2.2,N1,b1b2,2
E,404,N1.b1b2.3,N1,b1b2,3
G,405,N1.b1b2.4,N1,b1b2,4
P,406,N1.b1b2.5,N1,b1b2,5
G,407,N1.b1b2.6,N1,b1b2,6
E,408,N1.b1b2.7,N1,b1b2,7
L,409,N1.b1b2.8,N1,b1b2,8
L,410,N1.b1b2.9,N1,b1b2,9
E,411,N1.b1b2.10,N1,b1b2,10
R,412,N1.b1b2.11,N1,b1b2,11
I,413,N1.b1b2.12,N1,b1b2,12
K,414,N1.b1b2.13,N1,b1b2,13
Q,415,N1.b1b2.14,N1,b1b2,14
E,416,N1.b1b2.15,N1,b1b2,15
N,417,N1.b1b2.16,N1,b1b2,16
K,418,N1.b1b2.17,N1,b1b2,17
A,419,N1.b1b2.18,N1,b1b2,18
N,420,N1.b1b2.19,N1,b1b2,19
G,421,N1.b1b2.20,N1,b1b2,20
H,422,N1.b1b2.21,N1,b1b2,21
H,423,N1.b1b2.22,N1,b1b2,22
N,424,N1.b1b2.23,N1,b1b2,23
G,425,N1.b1b2.24,N1,b1b2,24
D,426,N1.b1b2.25,N1,b1b2,25
A,427,N1.b1b2.26,N1,b1b2,26
G,428,N1.b1b2.27,N1,b1b2,27
L,429,N1.b1b2.28,N1,b1b2,28
F,430,N1.b1b2.29,N1,b1b2,29
F,431,N1.b1b2.30,N1,b1b2,30
T,432,N1.b1b2.31,N1,b1b2,31
N,433,N1.b1b2.32,N1,b1b2,32
L,434,N1.b1b2.35,N1,b1b2,35
Y,435,N1.b1b2.36,N1,b1b2,36
V,436,N1.b1b2.37,N1,b1b2,37
A,437,N1.b1b2.38,N1,b1b2,38
P,438,N1.b1b2.39,N1,b1b2,39
V,439,N1.B2.1,N1,B2,1
L,440,N1.B2.2,N1,B2,2
K,441,N1.B2.3,N1,B2,3
D,442,N1.B2.4,N1,B2,4
I,443,N1.B2.5,N1,B2,5
S,444,N1.B2.6,N1,B2,6
L,445,N1.B2.7,N1,B2,7
K,446,N1.B2.8,N1,B2,8
L,447,N1.B2.9,N1,B2,9
K,448,N1.b2b3.1,N1,b2b3,1
K,449,N1.b2b3.2,N1,b2b3,2
G,450,N1.b2b3.3,N1,b2b3,3
E,451,N1.b2b3.4,N1,b2b3,4
M,452,N1.B3.1,N1,B3,1
L,453,N1.B3.2,N1,B3,2
A,454,N1.B3.3,N1,B3,3
V,455,N1.B3.4,N1,B3,4
T,456,N1.B3.5,N1,B3,5
G,457,N1.b3h1.1,N1,b3h1,1
S,458,N1.b3h1.2,N1,b3h1,2
M,459,N1.b3h1.3,N1,b3h1,3
G,460,N1.b3h1.4,N1,b3h1,4
S,461,N1.b3h1.5,N1,b3h1,5
G,462,N1.b3h1.6,N1,b3h1,6
K,463,N1.H1.1,N1,H1,1
S,464,N1.H1.2,N1,H1,2
S,465,N1.H1.3,N1,H1,3
L,466,N1.H1.4,N1,H1,4
L,467,N1.H1.5,N1,H1,5
M,468,N1.H1.6,N1,H1,6
T,469,N1.H1.7,N1,H1,7
I,470,N1.H1.8,N1,H1,8
L,471,N1.H1.9,N1,H1,9
G,472,N1.h1b4.1,N1,h1b4,1
E,473,N1.h1b4.2,N1,h1b4,2
L,474,N1.h1b4.3,N1,h1b4,3
V,475,N1.h1b4.4,N1,h1b4,4
P,476,N1.h1b4.5,N1,h1b4,5
S,477,N1.h1b4.6,N1,h1b4,6
S,478,N1.h1b4.7,N1,h1b4,7
G,479,N1.h1b4.8,N1,h1b4,8
K,480,N1.B4.1,N1,B4,1
I,481,N1.B4.2,N1,B4,2
R,482,N1.B4.3,N1,B4,3
H,483,N1.b4b5.1,N1,b4b5,1
S,484,N1.b4b5.2,N1,b4b5,2
G,485,N1.b4b5.3,N1,b4b5,3
R,486,N1.b4b5.4,N1,b4b5,4
I,487,N1.B5.1,N1,B5,1
S,488,N1.B5.2,N1,B5,2
Y,489,N1.B5.3,N1,B5,3
S,490,N1.B5.4,N1,B5,4
S,491,N1.b5h2.1,N1,b5h2,1
Q,492,N1.b5h2.2,N1,b5h2,2
T,493,N1.b5h2.3,N1,b5h2,3
A,494,N1.b5h2.4,N1,b5h2,4
W,495,N1.b5h2.5,N1,b5h2,5
I,496,N1.b5h2.6,N1,b5h2,6
M,497,N1.b5h2.7,N1,b5h2,7
P,498,N1.b5h2.8,N1,b5h2,8
G,499,N1.b5h2.9,N1,b5h2,9
T,500,N1.b5h2.10,N1,b5h2,10
I,501,N1.H2.1,N1,H2,1
R,502,N1.H2.2,N1,H2,2
D,503,N1.H2.3,N1,H2,3
N,504,N1.H2.4,N1,H2,4
I,505,N1.H2.5,N1,H2,5
L,506,N1.H2.6,N1,H2,6
F,507,N1.H2.7,N1,H2,7
G,508,N1.h2h3.1,N1,h2h3,1
L,509,N1.h2h3.2,N1,h2h3,2
T,510,N1.h2h3.3,N1,h2h3,3
Y,511,N1.h2h3.4,N1,h2h3,4
D,512,N1.h2h3.5,N1,h2h3,5
E,513,N1.H3.1,N1,H3,1
Y,514,N1.H3.2,N1,H3,2
R,515,N1.H3.3,N1,H3,3
Y,516,N1.H3.4,N1,H3,4
K,517,N1.H3.5,N1,H3,5
S,518,N1.H3.6,N1,H3,6
V,519,N1.H3.7,N1,H3,7
V,520,N1.H3.8,N1,H3,8
K,521,N1.H3.9,N1,H3,9
A,522,N1.H3.10,N1,H3,10
C,523,N1.H3.11,N1,H3,11
Q,524,N1.h3h4.1,N1,h3h4,1
L,525,N1.H4.1,N1,H4,1
E,526,N1.H4.2,N1,H4,2
E,527,N1.H4.3,N1,H4,3
D,528,N1.H4.4,N1,H4,4
L,529,N1.H4.5,N1,H4,5
A,530,N1.H4.6,N1,H4,6
A,531,N1.H4.7,N1,H4,7
L,532,N1.h4h5.1,N1,h4h5,1
P,533,N1.h4h5.2,N1,h4h5,2
E,534,N1.h4h5.3,N1,h4h5,3
K,535,N1.h4h5.4,N1,h4h5,4
D,536,N1.h4h5.5,N1,h4h5,5
K,537,N1.h4h5.6,N1,h4h5,6
T,538,N1.h4h5.7,N1,h4h5,7
P,539,N1.h4h5.8,N1,h4h5,8
M,540,N1.h4h5.9,N1,h4h5,9
A,541,N1.h4h5.10,N1,h4h5,10
E,542,N1.h4h5.11,N1,h4h5,11
G,543,N1.h4h5.12,N1,h4h5,12
G,544,N1.h4h5.13,N1,h4h5,13
L,545,N1.h4h5.14,N1,h4h5,14
N,546,N1.h4h5.15,N1,h4h5,15
L,547,N1.h4h5.16,N1,h4h5,16
S,548,N1.h4h5.17,N1,h4h5,17
G,549,N1.H5.1,N1,H5,1
G,550,N1.H5.2,N1,H5,2
Q,551,N1.H5.3,N1,H5,3
K,552,N1.H5.4,N1,H5,4
A,553,N1.H5.5,N1,H5,5
R,554,N1.H5.6,N1,H5,6
V,555,N1.H5.7,N1,H5,7
A,556,N1.H5.8,N1,H5,8
L,557,N1.H5.9,N1,H5,9
A,558,N1.H5.10,N1,H5,10
R,559,N1.H5.11,N1,H5,11
A,560,N1.H5.12,N1,H5,12
V,561,N1.H5.13,N1,H5,13
Y,562,N1.H5.14,N1,H5,14
R,563,N1.h5b6.1,N1,h5b6,1
D,564,N1.h5b6.2,N1,h5b6,2
A,565,N1.h5b6.3,N1,h5b6,3
D,566,N1.h5b6.4,N1,h5b6,4
L,567,N1.B6.1,N1,B6,1
Y,568,N1.B6.2,N1,B6,2
L,569,N1.B6.3,N1,B6,3
L,570,N1.B6.4,N1,B6,4
D,571,N1.B6.5,N1,B6,5
A,572,N1.b6h6.1,N1,b6h6,1
P,573,N1.b6h6.2,N1,b6h6,2
F,574,N1.b6h6.3,N1,b6h6,3
T,575,N1.b6h6.4,N1,b6h6,4
H,576,N1.b6h6.5,N1,b6h6,5
L,577,N1.b6h6.6,N1,b6h6,6
D,578,N1.b6h6.7,N1,b6h6,7
I,579,N1.H6.1,N1,H6,1
A,580,N1.H6.2,N1,H6,2
T,581,N1.H6.3,N1,H6,3
E,582,N1.H6.4,N1,H6,4
K,583,N1.H6.5,N1,H6,5
E,584,N1.H6.6,N1,H6,6
I,585,N1.H6.7,N1,H6,7
F,586,N1.H6.8,N1,H6,8
D,587,N1.H6.9,N1,H6,9
K,588,N1.H6.10,N1,H6,10
C,589,N1.H6.11,N1,H6,11
L,590,N1.H6.12,N1,H6,12
C,591,N1.H6.13,N1,H6,13
K,592,N1.H6.14,N1,H6,14
L,593,N1.H6.15,N1,H6,15
M,594,N1.h6b7.1,N1,h6b7,1
A,595,N1.h6b7.2,N1,h6b7,2
S,596,N1.h6b7.3,N1,h6b7,3
K,597,N1.h6b7.4,N1,h6b7,4
T,598,N1.h6b7.5,N1,h6b7,5
R,599,N1.B7.1,N1,B7,1
I,600,N1.B7.2,N1,B7,2
L,601,N1.B7.3,N1,B7,3
V,602,N1.B7.4,N1,B7,4
T,603,N1.b7h7.1,N1,b7h7,1
N,604,N1.b7h7.2,N1,b7h7,2
K,605,N1.b7h7.3,N1,b7h7,3
I,606,N1.H7.1,N1,H7,1
E,607,N1.H7.2,N1,H7,2
H,608,N1.H7.3,N1,H7,3
L,609,N1.H7.4,N1,H7,4
K,610,N1.H7.5,N1,H7,5
R,611,N1.H7.6,N1,H7,6
A,612,N1.h7b8.1,N1,h7b8,1
D,613,N1.h7b8.2,N1,h7b8,2
K,614,N1.B8.1,N1,B8,1
I,615,N1.B8.2,N1,B8,2
L,616,N1.B8.3,N1,B8,3
L,617,N1.B8.4,N1,B8,4
L,618,N1.B8.5,N1,B8,5
H,619,N1.b8h8.1,N1,b8h8,1
N,620,N1.b8h8.2,N1,b8h8,2
G,621,N1.b8h8.3,N1,b8h8,3
E,622,N1.b8h8.4,N1,b8h8,4
S,623,N1.b8h8.5,N1,b8h8,5
F,624,N1.b8h8.6,N1,b8h8,6
F,625,N1.b8h8.7,N1,b8h8,7
Y,626,N1.b8h8.8,N1,b8h8,8
G,627,N1.b8h8.9,N1,b8h8,9
T,628,N1.b8h8.10,N1,b8h8,10
F,629,N1.H8.1,N1,H8,1
P,630,N1.H8.2,N1,H8,2
E,631,N1.H8.3,N1,H8,3
L,632,N1.H8.4,N1,H8,4
Q,633,N1.H8.5,N1,H8,5
S,634,N1.H8.6,N1,H8,6
E,635,N1.H8.7,N1,H8,7
R,636,N1.h8h9.1,N1,h8h9,1
P,637,N1.H9.1,N1,H9,1
D,638,N1.H9.2,N1,H9,2
F,639,N1.H9.3,N1,H9,3
S,640,N1.H9.4,N1,H9,4
S,641,N1.H9.5,N1,H9,5
L,642,N1.H9.6,N1,H9,6
L,643,N1.H9.7,N1,H9,7
L,644,N1.C.1,N1,C,1
G,645,R.R.1,R,R,1
L,646,R.R.2,R,R,2
E,647,R.R.3,R,R,3
A,648,R.R.4,R,R,4
Y,649,R.R.5,R,R,5
D,650,R.R.6,R,R,6
N,651,R.R.7,R,R,7
I,652,R.R.8,R,R,8
S,653,R.R.9,R,R,9
A,654,R.R.10,R,R,10
E,655,R.R.11,R,R,11
R,656,R.R.12,R,R,12
R,657,R.R.13,R,R,13
C,658,R.R.14,R,R,14
S,659,R.R.15,R,R,15
I,660,R.R.16,R,R,16
L,661,R.R.17,R,R,17
T,662,R.R.18,R,R,18
E,663,R.R.19,R,R,19
T,664,R.R.20,R,R,20
L,665,R.R.21,R,R,21
H,666,R.R.22,R,R,22
R,667,R.R.23,R,R,23
V,668,R.R.24,R,R,24
S,669,R.R.25,R,R,25
V,670,R.R.26,R,R,26
D,671,R.R.27,R,R,27
E,672,R.R.28,R,R,28
S,673,R.R.29,R,R,29
A,674,R.R.30,R,R,30
G,675,R.R.31,R,R,31
M,676,R.R.32,R,R,32
Q,677,R.R.33,R,R,33
P,678,R.R.34,R,R,34
E,679,R.R.35,R,R,35
R,680,R.R.36,R,R,36
S,681,R.R.37,R,R,37
A,682,R.R.38,R,R,38
F,683,R.R.39,R,R,39
R,684,R.R.40,R,R,40
Q,685,R.R.41,R,R,41
V,686,R.R.42,R,R,42
P,687,R.R.43,R,R,43
P,688,R.R.44,R,R,44
T,689,R.R.45,R,R,45
K,690,R.R.46,R,R,46
P,691,R.R.461,R,R,461
M,692,R.R.462,R,R,462
Y,693,R.R.47,R,R,47
I,694,R.R.48,R,R,48
D,695,R.R.49,R,R,49
E,696,R.R.50,R,R,50
R,697,R.R.51,R,R,51
K,698,R.R.52,R,R,52
A,699,R.R.53,R,R,53
S,700,R.R.54,R,R,54
V,701,R.R.55,R,R,55
I,702,R.R.56,R,R,56
V,703,R.R.57,R,R,57
N,704,R.R.58,R,R,58
P,705,R.R.59,R,R,59
L,706,R.R.60,R,R,60
G,707,R.R.61,R,R,61
V,708,R.R.62,R,R,62
A,709,R.R.63,R,R,63
R,710,R.R.64,R,R,64
K,711,R.R.65,R,R,65
A,712,R.R.66,R,R,66
S,713,R.R.67,R,R,67
F,714,R.R.68,R,R,68
I,715,R.R.69,R,R,69
Q,716,R.R.70,R,R,70
V,717,R.R.71,R,R,71
P,718,R.R.72,R,R,72
E,719,R.R.79,R,R,79
E,720,R.R.80,R,R,80
E,721,R.R.81,R,R,81
V,722,R.R.82,R,R,82
R,723,R.R.83,R,R,83
R,724,R.R.84,R,R,84
T,725,R.R.85,R,R,85
L,726,R.R.86,R,R,86
P,727,R.R.87,R,R,87
D,728,R.R.88,R,R,88
R,729,R.R.89,R,R,89
K,730,R.R.90,R,R,90
F,731,R.R.91,R,R,91
S,732,R.R.92,R,R,92
L,733,R.R.93,R,R,93
V,734,R.R.94,R,R,94
P,735,R.R.95,R,R,95
E,736,R.R.96,R,R,96
N,737,R.R.97,R,R,97
E,738,R.R.98,R,R,98
L,739,R.R.99,R,R,99
V,740,R.R.100,R,R,100
D,741,R.R.101,R,R,101
E,742,R.R.102,R,R,102
S,743,R.R.103,R,R,103
F,744,R.R.104,R,R,104
M,745,R.R.105,R,R,105
G,746,R.R.106,R,R,106
S,747,R.R.107,R,R,107
D,748,R.R.108,R,R,108
V,749,R.R.109,R,R,109
Y,750,R.R.110,R,R,110
H,751,R.R.111,R,R,111
N,752,R.R.1111,R,R,1111
H,753,R.R.112,R,R,112
G,754,R.R.113,R,R,113
V,755,R.R.114,R,R,114
H,756,R.R.115,R,R,115
M,757,R.R.116,R,R,116
A,758,R.R.117,R,R,117
G,759,R.R.118,R,R,118
Q,760,R.R.119,R,R,119
R,761,R.R.120,R,R,120
R,762,R.R.121,R,R,121
Q,763,R.R.122,R,R,122
S,764,R.R.123,R,R,123
V,765,R.R.124,R,R,124
L,766,R.R.125,R,R,125
A,767,R.R.126,R,R,126
F,768,R.R.127,R,R,127
M,769,R.R.128,R,R,128
T,770,R.R.129,R,R,129
N,771,R.R.130,R,R,130
A,772,R.R.131,R,R,131
Q,773,R.R.132,R,R,132
G,774,R.R.133,R,R,133
Q,775,R.R.134,R,R,134
G,776,R.R.135,R,R,135
R,777,R.R.136,R,R,136
R,778,R.R.137,R,R,137
E,779,R.R.138,R,R,138
H,780,R.R.139,R,R,139
L,781,R.R.140,R,R,140
Q,782,R.R.141,R,R,141
S,783,R.R.142,R,R,142
S,784,R.R.143,R,R,143
F,785,R.R.144,R,R,144
R,786,R.R.145,R,R,145
R,787,R.R.147,R,R,147
R,788,R.R.148,R,R,148
L,789,R.R.149,R,R,149
S,790,R.R.150,R,R,150
V,791,R.R.151,R,R,151
V,792,R.R.152,R,R,152
P,793,R.R.153,R,R,153
Q,794,R.R.154,R,R,154
S,795,R.R.155,R,R,155
E,796,R.R.156,R,R,156
L,797,R.R.157,R,R,157
A,798,R.R.158,R,R,158
S,799,R.R.1581,R,R,1581
E,800,R.R.159,R,R,159
L,801,R.R.160,R,R,160
D,802,R.R.161,R,R,161
I,803,R.R.162,R,R,162
Y,804,R.R.163,R,R,163
T,805,R.R.164,R,R,164
R,806,R.R.165,R,R,165
R,807,R.R.166,R,R,166
L,808,R.R.167,R,R,167
S,809,R.R.168,R,R,168
D,810,R.R.169,R,R,169
S,811,R.R.170,R,R,170
T,812,R.R.171,R,R,171
Y,813,R.R.173,R,R,173
D,814,R.R.174,R,R,174
M,815,R.R.175,R,R,175
T,816,R.R.176,R,R,176
G,817,R.R.177,R,R,177
I,818,R.R.178,R,R,178
L,819,R.R.179,R,R,179
E,820,R.R.180,R,R,180
E,821,R.R.181,R,R,181
E,822,R.R.182,R,R,182
N,823,R.R.183,R,R,183
I,824,R.R.184,R,R,184
E,825,R.R.185,R,R,185
A,826,R.R.186,R,R,186
C,827,R.R.187,R,R,187
L,828,R.R.188,R,R,188
T,829,R.R.189,R,R,189
D,830,R.R.190,R,R,190
E,831,R.R.191,R,R,191
I,832,R.R.192,R,R,192
D,833,R.R.193,R,R,193
E,834,R.R.194,R,R,194
I,835,R.R.195,R,R,195
E,836,R.R.196,R,R,196
E,837,R.R.197,R,R,197
T,838,R.R.1971,R,R,1971
F,839,R.R.1972,R,R,1972
E,840,R.R.1973,R,R,1973
T,841,R.R.198,R,R,198
T,842,T2.N.1,T2,N,1
K,843,T2.N.2,T2,N,2
W,844,T2.EH.1,T2,EH,1
N,845,T2.EH.2,T2,EH,2
T,846,T2.EH.3,T2,EH,3
Y,847,T2.EH.4,T2,EH,4
V,848,T2.EH.5,T2,EH,5
R,849,T2.EH.6,T2,EH,6
Y,850,T2.EH.7,T2,EH,7
V,851,T2.EH.8,T2,EH,8
S,852,T2.eh1.1,T2,eh1,1
N,853,T2.eh1.2,T2,eh1,2
N,854,T2.eh1.3,T2,eh1,3
K,855,T2.1.1,T2,1,1
S,856,T2.1.2,T2,1,2
L,857,T2.1.3,T2,1,3
L,858,T2.1.4,T2,1,4
Y,859,T2.1.5,T2,1,5
V,860,T2.1.6,T2,1,6
L,861,T2.1.7,T2,1,7
I,862,T2.1.8,T2,1,8
F,863,T2.1.9,T2,1,9
I,864,T2.1.10,T2,1,10
L,865,T2.1.11,T2,1,11
F,866,T2.1.12,T2,1,12
I,867,T2.1.13,T2,1,13
A,868,T2.1.14,T2,1,14
A,869,T2.1.15,T2,1,15
I,870,T2.1.16,T2,1,16
E,871,T2.1.17,T2,1,17
I,872,T2.1.18,T2,1,18
A,873,T2.1.19,T2,1,19
G,874,T2.1.20,T2,1,20
S,875,T2.1.21,T2,1,21
V,876,T2.1.22,T2,1,22
A,877,T2.1.23,T2,1,23
G,878,T2.1.24,T2,1,24
I,879,T2.1.25,T2,1,25
F,880,T2.1.26,T2,1,26
L,881,T2.12.1,T2,12,1
I,882,T2.12.2,T2,12,2
T,883,T2.12.3,T2,12,3
D,884,T2.12.4,T2,12,4
E,885,T2.12.5,T2,12,5
L,886,T2.12.6,T2,12,6
W,887,T2.12.7,T2,12,7
R,888,T2.12.8,T2,12,8
E,889,T2.12.9,T2,12,9
E,890,T2.12.10,T2,12,10
H,891,T2.12.11,T2,12,11
Q,892,T2.12.12,T2,12,12
R,893,T2.12.13,T2,12,13
S,894,T2.12.14,T2,12,14
E,895,T2.12.15,T2,12,15
P,896,T2.12.16,T2,12,16
N,897,T2.12.17,T2,12,17
M,898,T2.12.18,T2,12,18
T,899,T2.12.19,T2,12,19
K,900,T2.12.20,T2,12,20
H,901,T2.12.21,T2,12,21
S,902,T2.12.22,T2,12,22
N,903,T2.12.23,T2,12,23
A,904,T2.12.24,T2,12,24
S,905,T2.12.25,T2,12,25
S,906,T2.12.26,T2,12,26
S,907,T2.12.27,T2,12,27
G,908,T2.12.28,T2,12,28
Q,909,T2.12.29,T2,12,29
T,910,T2.12.30,T2,12,30
Y,911,T2.12.31,T2,12,31
A,912,T2.12.32,T2,12,32
I,913,T2.12.33,T2,12,33
T,914,T2.12.34,T2,12,34
V,915,T2.12.35,T2,12,35
T,916,T2.12.36,T2,12,36
P,917,T2.12.37,T2,12,37
T,918,T2.12.38,T2,12,38
S,919,T2.12.39,T2,12,39
S,920,T2.2.1,T2,2,1
Y,921,T2.2.2,T2,2,2
Y,922,T2.2.3,T2,2,3
I,923,T2.2.4,T2,2,4
L,924,T2.2.5,T2,2,5
Y,925,T2.2.6,T2,2,6
I,926,T2.2.7,T2,2,7
Y,927,T2.2.8,T2,2,8
V,928,T2.2.9,T2,2,9
A,929,T2.2.10,T2,2,10
T,930,T2.2.11,T2,2,11
S,931,T2.2.12,T2,2,12
E,932,T2.2.13,T2,2,13
S,933,T2.2.14,T2,2,14
L,934,T2.2.15,T2,2,15
L,935,T2.2.16,T2,2,16
A,936,T2.2.17,T2,2,17
M,937,T2.2.18,T2,2,18
G,938,T2.2.19,T2,2,19
F,939,T2.2.20,T2,2,20
F,940,T2.2.21,T2,2,21
R,941,T2.2.22,T2,2,22
G,942,T2.2.23,T2,2,23
L,943,T2.2.24,T2,2,24
P,944,T2.2.25,T2,2,25
F,945,T2.2.26,T2,2,26
V,946,T2.2.27,T2,2,27
H,947,T2.2.28,T2,2,28
T,948,T2.2.29,T2,2,29
T,949,T2.2.30,T2,2,30
I,950,T2.2.31,T2,2,31
T,951,T2.2.32,T2,2,32
I,952,T2.2.33,T2,2,33
S,953,T2.2.34,T2,2,34
K,954,T2.2.35,T2,2,35
K,955,T2.2.36,T2,2,36
L,956,T2.2.37,T2,2,37
H,957,T2.2.38,T2,2,38
Q,958,T2.2.39,T2,2,39
K,959,T2.2.40,T2,2,40
M,960,T2.2.41,T2,2,41
L,961,T2.2.42,T2,2,42
H,962,T2.2.43,T2,2,43
A,963,T2.2.44,T2,2,44
V,964,T2.2.45,T2,2,45
L,965,T2.23.1,T2,23,1
S,966,T2.23.2,T2,23,2
A,967,T2.23.3,T2,23,3
P,968,T2.23.4,T2,23,4
M,969,T2.23.5,T2,23,5
S,970,T2.23.6,T2,23,6
V,971,T2.23.7,T2,23,7
L,972,T2.23.8,T2,23,8
N,973,T2.23.9,T2,23,9
T,974,T2.23.10,T2,23,10
M,975,T2.23.11,T2,23,11
K,976,T2.23.12,T2,23,12
T,977,T2.3.1,T2,3,1
G,978,T2.3.2,T2,3,2
R,979,T2.3.3,T2,3,3
I,980,T2.3.4,T2,3,4
M,981,T2.3.5,T2,3,5
N,982,T2.3.6,T2,3,6
R,983,T2.3.7,T2,3,7
F,984,T2.3.8,T2,3,8
T,985,T2.3.9,T2,3,9
K,986,T2.3.10,T2,3,10
D,987,T2.3.11,T2,3,11
M,988,T2.3.12,T2,3,12
A,989,T2.3.13,T2,3,13
T,990,T2.3.14,T2,3,14
I,991,T2.3.15,T2,3,15
D,992,T2.3.16,T2,3,16
D,993,T2.3.17,T2,3,17
M,994,T2.3.18,T2,3,18
L,995,T2.3.19,T2,3,19
P,996,T2.3.20,T2,3,20
L,997,T2.3.21,T2,3,21
L,998,T2.3.22,T2,3,22
M,999,T2.3.23,T2,3,23
F,1000,T2.3.24,T2,3,24
D,1001,T2.3.25,T2,3,25
F,1002,T2.3.26,T2,3,26
V,1003,T2.3.27,T2,3,27
Q,1004,T2.3.28,T2,3,28
L,1005,T2.3.29,T2,3,29
T,1006,T2.3.30,T2,3,30
V,1007,T2.3.31,T2,3,31
V,1008,T2.3.32,T2,3,32
V,1009,T2.3.33,T2,3,33
V,1010,T2.3.34,T2,3,34
G,1011,T2.3.35,T2,3,35
C,1012,T2.3.36,T2,3,36
I,1013,T2.3.37,T2,3,37
L,1014,T2.3.38,T2,3,38
V,1015,T2.3.39,T2,3,39
V,1016,T2.3.40,T2,3,40
S,1017,T2.3.41,T2,3,41
I,1018,T2.3.42,T2,3,42
V,1019,T2.3.43,T2,3,43
R,1020,T2.34.1,T2,34,1
P,1021,T2.4.1,T2,4,1
Y,1022,T2.4.2,T2,4,2
I,1023,T2.4.3,T2,4,3
F,1024,T2.4.4,T2,4,4
L,1025,T2.4.5,T2,4,5
A,1026,T2.4.6,T2,4,6
A,1027,T2.4.7,T2,4,7
T,1028,T2.4.8,T2,4,8
P,1029,T2.4.9,T2,4,9
L,1030,T2.4.10,T2,4,10
A,1031,T2.4.11,T2,4,11
I,1032,T2.4.12,T2,4,12
I,1033,T2.4.13,T2,4,13
F,1034,T2.4.14,T2,4,14
I,1035,T2.4.15,T2,4,15
V,1036,T2.4.16,T2,4,16
M,1037,T2.4.17,T2,4,17
R,1038,T2.4.18,T2,4,18
K,1039,T2.4.19,T2,4,19
Y,1040,T2.4.20,T2,4,20
F,1041,T2.4.21,T2,4,21
L,1042,T2.4.22,T2,4,22
R,1043,T2.4.23,T2,4,23
T,1044,T2.4.24,T2,4,24
G,1045,T2.4.25,T2,4,25
Q,1046,T2.4.26,T2,4,26
Q,1047,T2.4.27,T2,4,27
L,1048,T2.4.28,T2,4,28
K,1049,T2.4.29,T2,4,29
Q,1050,T2.4.30,T2,4,30
L,1051,T2.4.31,T2,4,31
E,1052,T2.4.32,T2,4,32
T,1053,T2.4.33,T2,4,33
E,1054,T2.4.34,T2,4,34
A,1055,T2.4.35,T2,4,35
R,1056,T2.4.36,T2,4,36
S,1057,T2.4.37,T2,4,37
P,1058,T2.4.38,T2,4,38
I,1059,T2.4.39,T2,4,39
F,1060,T2.4.40,T2,4,40
S,1061,T2.4.41,T2,4,41
H,1062,T2.4.42,T2,4,42
L,1063,T2.4.43,T2,4,43
I,1064,T2.4.44,T2,4,44
M,1065,T2.4.45,T2,4,45
S,1066,T2.4.46,T2,4,46
L,1067,T2.4.47,T2,4,47
K,1068,T2.4.48,T2,4,48
G,1069,T2.45.1,T2,45,1
L,1070,T2.45.2,T2,45,2
W,1071,T2.45.3,T2,45,3
T,1072,T2.45.4,T2,45,4
I,1073,T2.45.5,T2,45,5
R,1074,T2.45.6,T2,45,6
A,1075,T2.45.7,T2,45,7
F,1076,T2.45.8,T2,45,8
E,1077,T2.45.9,T2,45,9
R,1078,T2.45.10,T2,45,10
Q,1079,T2.5.1,T2,5,1
A,1080,T2.5.2,T2,5,2
Y,1081,T2.5.3,T2,5,3
F,1082,T2.5.4,T2,5,4
E,1083,T2.5.5,T2,5,5
A,1084,T2.5.6,T2,5,6
L,1085,T2.5.7,T2,5,7
F,1086,T2.5.8,T2,5,8
H,1087,T2.5.9,T2,5,9
K,1088,T2.5.10,T2,5,10
T,1089,T2.5.11,T2,5,11
L,1090,T2.5.12,T2,5,12
N,1091,T2.5.13,T2,5,13
T,1092,T2.5.14,T2,5,14
H,1093,T2.5.15,T2,5,15
T,1094,T2.5.16,T2,5,16
A,1095,T2.5.17,T2,5,17
T,1096,T2.5.18,T2,5,18
W,1097,T2.5.19,T2,5,19
F,1098,T2.5.20,T2,5,20
L,1099,T2.5.21,T2,5,21
Y,1100,T2.5.22,T2,5,22
L,1101,T2.5.23,T2,5,23
S,1102,T2.5.24,T2,5,24
T,1103,T2.5.25,T2,5,25
L,1104,T2.5.26,T2,5,26
R,1105,T2.5.27,T2,5,27
W,1106,T2.5.28,T2,5,28
F,1107,T2.5.29,T2,5,29
L,1108,T2.5.30,T2,5,30
F,1109,T2.5.31,T2,5,31
R,1110,T2.5.32,T2,5,32
A,1111,T2.5.33,T2,5,33
D,1112,T2.5.34,T2,5,34
I,1113,T2.5.35,T2,5,35
L,1114,T2.5.36,T2,5,36
F,1115,T2.5.37,T2,5,37
V,1116,T2.5.38,T2,5,38
F,1117,T2.5.39,T2,5,39
F,1118,T2.5.40,T2,5,40
F,1119,T2.5.41,T2,5,41
T,1120,T2.5.42,T2,5,42
L,1121,T2.5.43,T2,5,43
A,1122,T2.5.44,T2,5,44
A,1123,T2.5.45,T2,5,45
W,1124,T2.5.46,T2,5,46
I,1125,T2.5.47,T2,5,47
A,1126,T2.5.48,T2,5,48
V,1127,T2.5.49,T2,5,49
G,1128,T2.5.50,T2,5,50
T,1129,T2.56.1,T2,56,1
N,1130,T2.56.2,T2,56,2
Q,1131,T2.56.3,T2,56,3
D,1132,T2.56.4,T2,56,4
K,1133,T2.56.5,T2,56,5
P,1134,T2.56.6,T2,56,6
G,1135,T2.6.1,T2,6,1
E,1136,T2.6.2,T2,6,2
I,1137,T2.6.3,T2,6,3
G,1138,T2.6.4,T2,6,4
I,1139,T2.6.5,T2,6,5
I,1140,T2.6.6,T2,6,6
I,1141,T2.6.7,T2,6,7
C,1142,T2.6.8,T2,6,8
L,1143,T2.6.9,T2,6,9
A,1144,T2.6.10,T2,6,10
M,1145,T2.6.11,T2,6,11
L,1146,T2.6.12,T2,6,12
I,1147,T2.6.13,T2,6,13
L,1148,T2.6.14,T2,6,14
G,1149,T2.6.15,T2,6,15
T,1150,T2.6.16,T2,6,16
F,1151,T2.6.17,T2,6,17
Q,1152,T2.6.18,T2,6,18
W,1153,T2.6.19,T2,6,19
C,1154,T2.6.20,T2,6,20
V,1155,T2.6.21,T2,6,21
A,1156,T2.6.22,T2,6,22
T,1157,T2.6.23,T2,6,23
S,1158,T2.6.24,T2,6,24
I,1159,T2.6.25,T2,6,25
A,1160,T2.6.26,T2,6,26
V,1161,T2.6.27,T2,6,27
D,1162,T2.6.28,T2,6,28
G,1163,T2.6.29,T2,6,29
M,1164,T2.6.30,T2,6,30
M,1165,T2.6.31,T2,6,31
R,1166,T2.6.32,T2,6,32
S,1167,T2.6.33,T2,6,33
V,1168,T2.6.34,T2,6,34
D,1169,T2.6.35,T2,6,35
R,1170,T2.6.36,T2,6,36
V,1171,T2.6.37,T2,6,37
F,1172,T2.6.38,T2,6,38
K,1173,T2.6.39,T2,6,39
F,1174,T2.6.40,T2,6,40
I,1175,T2.6.41,T2,6,41
D,1176,T2.6.42,T2,6,42
L,1177,N2.N.1,N2,N,1
P,1178,N2.N.2,N2,N,2
S,1179,N2.N.3,N2,N,3
E,1180,N2.N.4,N2,N,4
T,1181,N2.N.5,N2,N,5
P,1182,N2.N.6,N2,N,6
K,1183,N2.N.7,N2,N,7
P,1184,N2.N.8,N2,N,8
D,1185,N2.N.9,N2,N,9
K,1186,N2.N.10,N2,N,10
G,1187,N2.N.11,N2,N,11
K,1188,N2.N.12,N2,N,12
D,1189,N2.N.13,N2,N,13
S,1190,N2.N.14,N2,N,14
D,1191,N2.N.15,N2,N,15
L,1192,N2.N.24,N2,N,24
I,1193,N2.N.25,N2,N,25
I,1194,N2.N.26,N2,N,26
E,1195,N2.N.27,N2,N,27
N,1196,N2.N.28,N2,N,28
V,1197,N2.N.29,N2,N,29
D,1198,N2.N.30,N2,N,30
A,1199,N2.N.31,N2,N,31
Q,1200,N2.N.32,N2,N,32
A,1201,N2.N.33,N2,N,33
D,1202,N2.N.34,N2,N,34
S,1203,N2.N.35,N2,N,35
S,1204,N2.N.36,N2,N,36
W,1205,N2.N.37,N2,N,37
P,1206,N2.N.38,N2,N,38
H,1207,N2.N.39,N2,N,39
R,1208,N2.N.40,N2,N,40
G,1209,N2.N.41,N2,N,41
Q,1210,N2.N.42,N2,N,42
I,1211,N2.B1.1,N2,B1,1
E,1212,N2.B1.2,N2,B1,2
V,1213,N2.B1.3,N2,B1,3
R,1214,N2.B1.4,N2,B1,4
N,1215,N2.B1.5,N2,B1,5
L,1216,N2.B1.6,N2,B1,6
T,1217,N2.B1.7,N2,B1,7
V,1218,N2.B1.8,N2,B1,8
K,1219,N2.B1.9,N2,B1,9
Y,1220,N2.b1b2.1,N2,b1b2,1
T,1221,N2.b1b2.2,N2,b1b2,2
E,1222,N2.b1b2.3,N2,b1b2,3
A,1223,N2.b1b2.4,N2,b1b2,4
G,1224,N2.b1b2.5,N2,b1b2,5
H,1225,N2.b1b2.6,N2,b1b2,6
A,1226,N2.b1b2.7,N2,b1b2,7
V,1227,N2.B2.1,N2,B2,1
L,1228,N2.B2.2,N2,B2,2
K,1229,N2.B2.3,N2,B2,3
N,1230,N2.B2.4,N2,B2,4
L,1231,N2.B2.5,N2,B2,5
S,1232,N2.B2.6,N2,B2,6
F,1233,N2.B2.7,N2,B2,7
S,1234,N2.B2.8,N2,B2,8
A,1235,N2.B2.9,N2,B2,9
E,1236,N2.b2b3.1,N2,b2b3,1
G,1237,N2.b2b3.2,N2,b2b3,2
R,1238,N2.b2b3.3,N2,b2b3,3
Q,1239,N2.b2b3.4,N2,b2b3,4
R,1240,N2.B3.1,N2,B3,1
V,1241,N2.B3.2,N2,B3,2
G,1242,N2.B3.3,N2,B3,3
I,1243,N2.B3.4,N2,B3,4
L,1244,N2.B3.5,N2,B3,5
G,1245,N2.b3h1.1,N2,b3h1,1
R,1246,N2.b3h1.2,N2,b3h1,2
T,1247,N2.b3h1.3,N2,b3h1,3
G,1248,N2.b3h1.4,N2,b3h1,4
S,1249,N2.b3h1.5,N2,b3h1,5
G,1250,N2.b3h1.6,N2,b3h1,6
K,1251,N2.H1.1,N2,H1,1
S,1252,N2.H1.2,N2,H1,2
S,1253,N2.H1.3,N2,H1,3
L,1254,N2.H1.4,N2,H1,4
F,1255,N2.H1.5,N2,H1,5
N,1256,N2.H1.6,N2,H1,6
A,1257,N2.H1.7,N2,H1,7
L,1258,N2.H1.8,N2,H1,8
L,1259,N2.H1.9,N2,H1,9
K,1260,N2.h1b4.1,N2,h1b4,1
L,1261,N2.h1b4.2,N2,h1b4,2
V,1262,N2.h1b4.3,N2,h1b4,3
Y,1263,N2.h1b4.4,N2,h1b4,4
T,1264,N2.h1b4.5,N2,h1b4,5
D,1265,N2.h1b4.6,N2,h1b4,6
G,1266,N2.h1b4.7,N2,h1b4,7
E,1267,N2.B4.1,N2,B4,1
I,1268,N2.B4.2,N2,B4,2
S,1269,N2.B4.3,N2,B4,3
I,1270,N2.B4.4,N2,B4,4
D,1271,N2.b4b5.1,N2,b4b5,1
G,1272,N2.b4b5.2,N2,b4b5,2
V,1273,N2.b4b5.3,N2,b4b5,3
N,1274,N2.b4b5.4,N2,b4b5,4
W,1275,N2.b4b5.5,N2,b4b5,5
N,1276,N2.b4b5.6,N2,b4b5,6
K,1277,N2.b4b5.7,N2,b4b5,7
M,1278,N2.b4b5.8,N2,b4b5,8
P,1279,N2.b4b5.9,N2,b4b5,9
L,1280,N2.b4b5.10,N2,b4b5,10
Q,1281,N2.b4b5.11,N2,b4b5,11
K,1282,N2.b4b5.12,N2,b4b5,12
W,1283,N2.b4b5.13,N2,b4b5,13
R,1284,N2.b4b5.14,N2,b4b5,14
K,1285,N2.b4b5.15,N2,b4b5,15
A,1286,N2.b4b5.16,N2,b4b5,16
F,1287,N2.B5.1,N2,B5,1
G,1288,N2.B5.2,N2,B5,2
V,1289,N2.B5.3,N2,B5,3
V,1290,N2.B5.4,N2,B5,4
P,1291,N2.b5h2.1,N2,b5h2,1
Q,1292,N2.b5h2.2,N2,b5h2,2
K,1293,N2.b5h2.3,N2,b5h2,3
V,1294,N2.b5h2.4,N2,b5h2,4
F,1295,N2.b5h2.5,N2,b5h2,5
I,1296,N2.b5h2.6,N2,b5h2,6
F,1297,N2.b5h2.7,N2,b5h2,7
T,1298,N2.b5h2.8,N2,b5h2,8
G,1299,N2.b5h2.9,N2,b5h2,9
P,1300,N2.b5h2.10,N2,b5h2,10
L,1301,N2.H2.1,N2,H2,1
R,1302,N2.H2.2,N2,H2,2
M,1303,N2.H2.3,N2,H2,3
N,1304,N2.H2.4,N2,H2,4
L,1305,N2.H2.5,N2,H2,5
D,1306,N2.h2h3.1,N2,h2h3,1
P,1307,N2.h2h3.2,N2,h2h3,2
Y,1308,N2.h2h3.3,N2,h2h3,3
G,1309,N2.h2h3.4,N2,h2h3,4
C,1310,N2.h2h3.5,N2,h2h3,5
H,1311,N2.h2h3.6,N2,h2h3,6
S,1312,N2.h2h3.7,N2,h2h3,7
D,1313,N2.H3.1,N2,H3,1
E,1314,N2.H3.2,N2,H3,2
E,1315,N2.H3.3,N2,H3,3
L,1316,N2.H3.4,N2,H3,4
W,1317,N2.H3.5,N2,H3,5
R,1318,N2.H3.6,N2,H3,6
V,1319,N2.H3.7,N2,H3,7
A,1320,N2.H3.8,N2,H3,8
E,1321,N2.H3.9,N2,H3,9
E,1322,N2.H3.10,N2,H3,10
V,1323,N2.H3.11,N2,H3,11
G,1324,N2.h3h4.1,N2,h3h4,1
L,1325,N2.H4.1,N2,H4,1
K,1326,N2.H4.2,N2,H4,2
T,1327,N2.H4.3,N2,H4,3
V,1328,N2.H4.4,N2,H4,4
I,1329,N2.H4.5,N2,H4,5
E,1330,N2.H4.6,N2,H4,6
Q,1331,N2.h4h5.1,N2,h4h5,1
F,1332,N2.h4h5.2,N2,h4h5,2
P,1333,N2.h4h5.3,N2,h4h5,3
D,1334,N2.h4h5.4,N2,h4h5,4
K,1335,N2.h4h5.5,N2,h4h5,5
L,1336,N2.h4h5.6,N2,h4h5,6
D,1337,N2.h4h5.7,N2,h4h5,7
F,1338,N2.h4h5.8,N2,h4h5,8
Q,1339,N2.h4h5.9,N2,h4h5,9
L,1340,N2.h4h5.10,N2,h4h5,10
E,1341,N2.h4h5.11,N2,h4h5,11
Y,1342,N2.h4h5.12,N2,h4h5,12
G,1343,N2.h4h5.13,N2,h4h5,13
G,1344,N2.h4h5.14,N2,h4h5,14
Y,1345,N2.h4h5.15,N2,h4h5,15
V,1346,N2.h4h5.16,N2,h4h5,16
L,1347,N2.h4h5.17,N2,h4h5,17
S,1348,N2.h4h5.18,N2,h4h5,18
N,1349,N2.H5.1,N2,H5,1
G,1350,N2.H5.2,N2,H5,2
H,1351,N2.H5.3,N2,H5,3
K,1352,N2.H5.4,N2,H5,4
Q,1353,N2.H5.5,N2,H5,5
L,1354,N2.H5.6,N2,H5,6
I,1355,N2.H5.7,N2,H5,7
C,1356,N2.H5.8,N2,H5,8
L,1357,N2.H5.9,N2,H5,9
A,1358,N2.H5.10,N2,H5,10
R,1359,N2.H5.11,N2,H5,11
S,1360,N2.H5.12,N2,H5,12
I,1361,N2.H5.13,N2,H5,13
L,1362,N2.H5.14,N2,H5,14
S,1363,N2.H5.15,N2,H5,15
G,1364,N2.h5b6.1,N2,h5b6,1
A,1365,N2.h5b6.2,N2,h5b6,2
R,1366,N2.h5b6.3,N2,h5b6,3
I,1367,N2.B6.1,N2,B6,1
L,1368,N2.B6.2,N2,B6,2
L,1369,N2.B6.3,N2,B6,3
L,1370,N2.B6.4,N2,B6,4
D,1371,N2.B6.5,N2,B6,5
E,1372,N2.b6h6.1,N2,b6h6,1
P,1373,N2.b6h6.2,N2,b6h6,2
S,1374,N2.b6h6.3,N2,b6h6,3
A,1375,N2.b6h6.4,N2,b6h6,4
H,1376,N2.b6h6.5,N2,b6h6,5
L,1377,N2.b6h6.6,N2,b6h6,6
D,1378,N2.b6h6.7,N2,b6h6,7
P,1379,N2.H6.1,N2,H6,1
V,1380,N2.H6.2,N2,H6,2
T,1381,N2.H6.3,N2,H6,3
I,1382,N2.H6.4,N2,H6,4
K,1383,N2.H6.5,N2,H6,5
V,1384,N2.H6.6,N2,H6,6
L,1385,N2.H6.7,N2,H6,7
K,1386,N2.H6.8,N2,H6,8
K,1387,N2.H6.9,N2,H6,9
T,1388,N2.H6.10,N2,H6,10
L,1389,N2.H6.11,N2,H6,11
R,1390,N2.H6.12,N2,H6,12
Q,1391,N2.H6.13,N2,H6,13
S,1392,N2.H6.14,N2,H6,14
F,1393,N2.h6b7.1,N2,h6b7,1
S,1394,N2.h6b7.2,N2,h6b7,2
T,1395,N2.h6b7.3,N2,h6b7,3
C,1396,N2.h6b7.4,N2,h6b7,4
T,1397,N2.B7.1,N2,B7,1
I,1398,N2.B7.2,N2,B7,2
L,1399,N2.B7.3,N2,B7,3
L,1400,N2.B7.4,N2,B7,4
S,1401,N2.B7.5,N2,B7,5
E,1402,N2.b7h7.1,N2,b7h7,1
H,1403,N2.b7h7.2,N2,b7h7,2
K,1404,N2.b7h7.3,N2,b7h7,3
V,1405,N2.H7.1,N2,H7,1
E,1406,N2.H7.2,N2,H7,2
P,1407,N2.H7.3,N2,H7,3
L,1408,N2.H7.4,N2,H7,4
L,1409,N2.H7.5,N2,H7,5
E,1410,N2.H7.6,N2,H7,6
C,1411,N2.h7b8.1,N2,h7b8,1
Q,1412,N2.h7b8.2,N2,h7b8,2
S,1413,N2.B8.1,N2,B8,1
F,1414,N2.B8.2,N2,B8,2
L,1415,N2.B8.3,N2,B8,3
M,1416,N2.B8.4,N2,B8,4
M,1417,N2.B8.5,N2,B8,5
D,1418,N2.B8.6,N2,B8,6
K,1419,N2.b8h8.1,N2,b8h8,1
G,1420,N2.b8h8.2,N2,b8h8,2
Q,1421,N2.b8h8.3,N2,b8h8,3
V,1422,N2.b8h8.4,N2,b8h8,4
K,1423,N2.b8h8.5,N2,b8h8,5
T,1424,N2.b8h8.6,N2,b8h8,6
Y,1425,N2.b8h8.7,N2,b8h8,7
D,1426,N2.b8h8.8,N2,b8h8,8
S,1427,N2.b8h8.9,N2,b8h8,9
I,1428,N2.H8.1,N2,H8,1
Q,1429,N2.H8.2,N2,H8,2
K,1430,N2.H8.3,N2,H8,3
L,1431,N2.H8.4,N2,H8,4
L,1432,N2.H8.5,N2,H8,5
N,1433,N2.H8.6,N2,H8,6
E,1434,N2.H8.7,N2,H8,7
T,1435,N2.H8.8,N2,H8,8
S,1436,N2.H8.9,N2,H8,9
H,1437,N2.C.1,N2,C,1
L,1438,N2.C.2,N2,C,2
K,1439,N2.C.3,N2,C,3
Q,1440,N2.C.4,N2,C,4
A,1441,N2.C.5,N2,C,5
I,1442,N2.C.6,N2,C,6
S,1443,N2.C.7,N2,C,7
P,1444,N2.C.8,N2,C,8
A,1445,N2.C.9,N2,C,9
E,1446,N2.C.10,N2,C,10
R,1447,N2.C.11,N2,C,11
L,1448,N2.C.12,N2,C,12
K,1449,N2.C.13,N2,C,13
L,1450,N2.C.14,N2,C,14
F,1451,N2.C.15,N2,C,15
P,1452,N2.C.16,N2,C,16
R,1453,N2.C.17,N2,C,17
R,1454,N2.C.18,N2,C,18
N,1455,N2.C.19,N2,C,19
S,1456,N2.C.20,N2,C,20
S,1457,N2.C.21,N2,C,21
M,1458,N2.C.22,N2,C,22
R,1459,N2.C.23,N2,C,23
T,1460,N2.C.24,N2,C,24
P,1461,N2.C.25,N2,C,25
Q,1462,N2.C.26,N2,C,26
S,1463,N2.C.27,N2,C,27
K,1464,N2.C.28,N2,C,28
L,1465,N2.C.29,N2,C,29
S,1466,N2.C.30,N2,C,30
S,1467,N2.C.31,N2,C,31
V,1468,N2.C.32,N2,C,32
T,1469,N2.C.33,N2,C,33
Q,1470,N2.C.34,N2,C,34
T,1471,N2.C.35,N2,C,35
L,1472,N2.C.36,N2,C,36
Q,1473,N2.C.37,N2,C,37
E,1474,N2.C.38,N2,C,38
E,1475,N2.C.39,N2,C,39
A,1476,N2.C.40,N2,C,40
E,1477,N2.C.41,N2,C,41
D,1478,N2.C.42,N2,C,42
N,1479,N2.C.43,N2,C,43
I,1480,N2.C.44,N2,C,44
Q,1481,N2.C.45,N2,C,45
D,1482,N2.C.46,N2,C,46
T,1483,N2.C.47,N2,C,47
R,1484,N2.C.48,N2,C,48
L,1485,N2.C.49,N2,C,49